"Consumer Price Index (CPI) statistics, measures of core inflation and other related statistics - Bank of Canada definitions 1",,,,,,,,,,,,,,,,,,,,,,,,,,,,,,,,,,,,,,,,,,,,,,,,,,,,,,,,,,,,,,,,,,,,,,,,,,,,,,,,,,,,,,,,,,,,,,,,,,,,,,,,,,,,,,,,,,,,,,,,,,,,,,,,,,,,,,,,,,,,,,,,,,,,,,,,,,,,,,,,,,,,,,,,,,,,,,,,,,,,,,,,,,,,,,,,,,,,,,,,,,,,,,,,,,,,,,,,,,,,,,,,,,,,,,,,,,,,,,,,,,,,,,,,,,,,,,,,,,,,,,,,,,,,,,,,,,,,,,,,,,,,,,,,,,,,,,,,,,,,,,,,,,,,,,,,,,,,,,,,,,,,,,,,,,,,,,,,,,,,,,,,,,,,,,,,,,,,,,,,,,,,,,,,,,,,,,,,,,,,,,,,,,,,,,,,,,,,,,,,,,,,,,,,,,,,,,,,,,,,,,,,,,,,,,,,,,,,,,,,,,,,,,,,,,,,,,,,,,,,,,,,,,,,,,,,,,,,,,,,,,,,,,,,,,,,,,,,,,,,,,,,,,,,,,,,,,,,,,,,,,,,,,,,,,,,,,,,,,,,,,,,,,,,,,,,,,,,,,,,,,,,,,,,,,,,,,,,,,,,,,,,,,,,,,,,,,,,,,,,,,,,,,,,
Frequency: Monthly,,,,,,,,,,,,,,,,,,,,,,,,,,,,,,,,,,,,,,,,,,,,,,,,,,,,,,,,,,,,,,,,,,,,,,,,,,,,,,,,,,,,,,,,,,,,,,,,,,,,,,,,,,,,,,,,,,,,,,,,,,,,,,,,,,,,,,,,,,,,,,,,,,,,,,,,,,,,,,,,,,,,,,,,,,,,,,,,,,,,,,,,,,,,,,,,,,,,,,,,,,,,,,,,,,,,,,,,,,,,,,,,,,,,,,,,,,,,,,,,,,,,,,,,,,,,,,,,,,,,,,,,,,,,,,,,,,,,,,,,,,,,,,,,,,,,,,,,,,,,,,,,,,,,,,,,,,,,,,,,,,,,,,,,,,,,,,,,,,,,,,,,,,,,,,,,,,,,,,,,,,,,,,,,,,,,,,,,,,,,,,,,,,,,,,,,,,,,,,,,,,,,,,,,,,,,,,,,,,,,,,,,,,,,,,,,,,,,,,,,,,,,,,,,,,,,,,,,,,,,,,,,,,,,,,,,,,,,,,,,,,,,,,,,,,,,,,,,,,,,,,,,,,,,,,,,,,,,,,,,,,,,,,,,,,,,,,,,,,,,,,,,,,,,,,,,,,,,,,,,,,,,,,,,,,,,,,,,,,,,,,,,,,,,,,,,,,,,,,,,,,,,,,,,
Table: 18-10-0256-01 (formerly CANSIM 326-0023),,,,,,,,,,,,,,,,,,,,,,,,,,,,,,,,,,,,,,,,,,,,,,,,,,,,,,,,,,,,,,,,,,,,,,,,,,,,,,,,,,,,,,,,,,,,,,,,,,,,,,,,,,,,,,,,,,,,,,,,,,,,,,,,,,,,,,,,,,,,,,,,,,,,,,,,,,,,,,,,,,,,,,,,,,,,,,,,,,,,,,,,,,,,,,,,,,,,,,,,,,,,,,,,,,,,,,,,,,,,,,,,,,,,,,,,,,,,,,,,,,,,,,,,,,,,,,,,,,,,,,,,,,,,,,,,,,,,,,,,,,,,,,,,,,,,,,,,,,,,,,,,,,,,,,,,,,,,,,,,,,,,,,,,,,,,,,,,,,,,,,,,,,,,,,,,,,,,,,,,,,,,,,,,,,,,,,,,,,,,,,,,,,,,,,,,,,,,,,,,,,,,,,,,,,,,,,,,,,,,,,,,,,,,,,,,,,,,,,,,,,,,,,,,,,,,,,,,,,,,,,,,,,,,,,,,,,,,,,,,,,,,,,,,,,,,,,,,,,,,,,,,,,,,,,,,,,,,,,,,,,,,,,,,,,,,,,,,,,,,,,,,,,,,,,,,,,,,,,,,,,,,,,,,,,,,,,,,,,,,,,,,,,,,,,,,,,,,,,,,,,,,,,,,
Release date: 2022-10-19,,,,,,,,,,,,,,,,,,,,,,,,,,,,,,,,,,,,,,,,,,,,,,,,,,,,,,,,,,,,,,,,,,,,,,,,,,,,,,,,,,,,,,,,,,,,,,,,,,,,,,,,,,,,,,,,,,,,,,,,,,,,,,,,,,,,,,,,,,,,,,,,,,,,,,,,,,,,,,,,,,,,,,,,,,,,,,,,,,,,,,,,,,,,,,,,,,,,,,,,,,,,,,,,,,,,,,,,,,,,,,,,,,,,,,,,,,,,,,,,,,,,,,,,,,,,,,,,,,,,,,,,,,,,,,,,,,,,,,,,,,,,,,,,,,,,,,,,,,,,,,,,,,,,,,,,,,,,,,,,,,,,,,,,,,,,,,,,,,,,,,,,,,,,,,,,,,,,,,,,,,,,,,,,,,,,,,,,,,,,,,,,,,,,,,,,,,,,,,,,,,,,,,,,,,,,,,,,,,,,,,,,,,,,,,,,,,,,,,,,,,,,,,,,,,,,,,,,,,,,,,,,,,,,,,,,,,,,,,,,,,,,,,,,,,,,,,,,,,,,,,,,,,,,,,,,,,,,,,,,,,,,,,,,,,,,,,,,,,,,,,,,,,,,,,,,,,,,,,,,,,,,,,,,,,,,,,,,,,,,,,,,,,,,,,,,,,,,,,,,,,,,,,,,
Geography: Canada,,,,,,,,,,,,,,,,,,,,,,,,,,,,,,,,,,,,,,,,,,,,,,,,,,,,,,,,,,,,,,,,,,,,,,,,,,,,,,,,,,,,,,,,,,,,,,,,,,,,,,,,,,,,,,,,,,,,,,,,,,,,,,,,,,,,,,,,,,,,,,,,,,,,,,,,,,,,,,,,,,,,,,,,,,,,,,,,,,,,,,,,,,,,,,,,,,,,,,,,,,,,,,,,,,,,,,,,,,,,,,,,,,,,,,,,,,,,,,,,,,,,,,,,,,,,,,,,,,,,,,,,,,,,,,,,,,,,,,,,,,,,,,,,,,,,,,,,,,,,,,,,,,,,,,,,,,,,,,,,,,,,,,,,,,,,,,,,,,,,,,,,,,,,,,,,,,,,,,,,,,,,,,,,,,,,,,,,,,,,,,,,,,,,,,,,,,,,,,,,,,,,,,,,,,,,,,,,,,,,,,,,,,,,,,,,,,,,,,,,,,,,,,,,,,,,,,,,,,,,,,,,,,,,,,,,,,,,,,,,,,,,,,,,,,,,,,,,,,,,,,,,,,,,,,,,,,,,,,,,,,,,,,,,,,,,,,,,,,,,,,,,,,,,,,,,,,,,,,,,,,,,,,,,,,,,,,,,,,,,,,,,,,,,,,,,,,,,,,,,,,,,,,,,
,,,,,,,,,,,,,,,,,,,,,,,,,,,,,,,,,,,,,,,,,,,,,,,,,,,,,,,,,,,,,,,,,,,,,,,,,,,,,,,,,,,,,,,,,,,,,,,,,,,,,,,,,,,,,,,,,,,,,,,,,,,,,,,,,,,,,,,,,,,,,,,,,,,,,,,,,,,,,,,,,,,,,,,,,,,,,,,,,,,,,,,,,,,,,,,,,,,,,,,,,,,,,,,,,,,,,,,,,,,,,,,,,,,,,,,,,,,,,,,,,,,,,,,,,,,,,,,,,,,,,,,,,,,,,,,,,,,,,,,,,,,,,,,,,,,,,,,,,,,,,,,,,,,,,,,,,,,,,,,,,,,,,,,,,,,,,,,,,,,,,,,,,,,,,,,,,,,,,,,,,,,,,,,,,,,,,,,,,,,,,,,,,,,,,,,,,,,,,,,,,,,,,,,,,,,,,,,,,,,,,,,,,,,,,,,,,,,,,,,,,,,,,,,,,,,,,,,,,,,,,,,,,,,,,,,,,,,,,,,,,,,,,,,,,,,,,,,,,,,,,,,,,,,,,,,,,,,,,,,,,,,,,,,,,,,,,,,,,,,,,,,,,,,,,,,,,,,,,,,,,,,,,,,,,,,,,,,,,,,,,,,,,,,,,,,,,,,,,,,,,,,,,,,,
,,,,,,,,,,,,,,,,,,,,,,,,,,,,,,,,,,,,,,,,,,,,,,,,,,,,,,,,,,,,,,,,,,,,,,,,,,,,,,,,,,,,,,,,,,,,,,,,,,,,,,,,,,,,,,,,,,,,,,,,,,,,,,,,,,,,,,,,,,,,,,,,,,,,,,,,,,,,,,,,,,,,,,,,,,,,,,,,,,,,,,,,,,,,,,,,,,,,,,,,,,,,,,,,,,,,,,,,,,,,,,,,,,,,,,,,,,,,,,,,,,,,,,,,,,,,,,,,,,,,,,,,,,,,,,,,,,,,,,,,,,,,,,,,,,,,,,,,,,,,,,,,,,,,,,,,,,,,,,,,,,,,,,,,,,,,,,,,,,,,,,,,,,,,,,,,,,,,,,,,,,,,,,,,,,,,,,,,,,,,,,,,,,,,,,,,,,,,,,,,,,,,,,,,,,,,,,,,,,,,,,,,,,,,,,,,,,,,,,,,,,,,,,,,,,,,,,,,,,,,,,,,,,,,,,,,,,,,,,,,,,,,,,,,,,,,,,,,,,,,,,,,,,,,,,,,,,,,,,,,,,,,,,,,,,,,,,,,,,,,,,,,,,,,,,,,,,,,,,,,,,,,,,,,,,,,,,,,,,,,,,,,,,,,,,,,,,,,,,,,,,,,,,,,
,,,,,,,,,,,,,,,,,,,,,,,,,,,,,,,,,,,,,,,,,,,,,,,,,,,,,,,,,,,,,,,,,,,,,,,,,,,,,,,,,,,,,,,,,,,,,,,,,,,,,,,,,,,,,,,,,,,,,,,,,,,,,,,,,,,,,,,,,,,,,,,,,,,,,,,,,,,,,,,,,,,,,,,,,,,,,,,,,,,,,,,,,,,,,,,,,,,,,,,,,,,,,,,,,,,,,,,,,,,,,,,,,,,,,,,,,,,,,,,,,,,,,,,,,,,,,,,,,,,,,,,,,,,,,,,,,,,,,,,,,,,,,,,,,,,,,,,,,,,,,,,,,,,,,,,,,,,,,,,,,,,,,,,,,,,,,,,,,,,,,,,,,,,,,,,,,,,,,,,,,,,,,,,,,,,,,,,,,,,,,,,,,,,,,,,,,,,,,,,,,,,,,,,,,,,,,,,,,,,,,,,,,,,,,,,,,,,,,,,,,,,,,,,,,,,,,,,,,,,,,,,,,,,,,,,,,,,,,,,,,,,,,,,,,,,,,,,,,,,,,,,,,,,,,,,,,,,,,,,,,,,,,,,,,,,,,,,,,,,,,,,,,,,,,,,,,,,,,,,,,,,,,,,,,,,,,,,,,,,,,,,,,,,,,,,,,,,,,,,,,,,,,,,,
Geography,Canada,,,,,,,,,,,,,,,,,,,,,,,,,,,,,,,,,,,,,,,,,,,,,,,,,,,,,,,,,,,,,,,,,,,,,,,,,,,,,,,,,,,,,,,,,,,,,,,,,,,,,,,,,,,,,,,,,,,,,,,,,,,,,,,,,,,,,,,,,,,,,,,,,,,,,,,,,,,,,,,,,,,,,,,,,,,,,,,,,,,,,,,,,,,,,,,,,,,,,,,,,,,,,,,,,,,,,,,,,,,,,,,,,,,,,,,,,,,,,,,,,,,,,,,,,,,,,,,,,,,,,,,,,,,,,,,,,,,,,,,,,,,,,,,,,,,,,,,,,,,,,,,,,,,,,,,,,,,,,,,,,,,,,,,,,,,,,,,,,,,,,,,,,,,,,,,,,,,,,,,,,,,,,,,,,,,,,,,,,,,,,,,,,,,,,,,,,,,,,,,,,,,,,,,,,,,,,,,,,,,,,,,,,,,,,,,,,,,,,,,,,,,,,,,,,,,,,,,,,,,,,,,,,,,,,,,,,,,,,,,,,,,,,,,,,,,,,,,,,,,,,,,,,,,,,,,,,,,,,,,,,,,,,,,,,,,,,,,,,,,,,,,,,,,,,,,,,,,,,,,,,,,,,,,,,,,,,,,,,,,,,,,,,,,,,,,,,,,,,,,,,,,,,,,
Alternative measures,Feb-72,Mar-72,Apr-72,May-72,Jun-72,Jul-72,Aug-72,Sep-72,Oct-72,Nov-72,Dec-72,Jan-73,Feb-73,Mar-73,Apr-73,May-73,Jun-73,Jul-73,Aug-73,Sep-73,Oct-73,Nov-73,Dec-73,Jan-74,Feb-74,Mar-74,Apr-74,May-74,Jun-74,Jul-74,Aug-74,Sep-74,Oct-74,Nov-74,Dec-74,Jan-75,Feb-75,Mar-75,Apr-75,May-75,Jun-75,Jul-75,Aug-75,Sep-75,Oct-75,Nov-75,Dec-75,Jan-76,Feb-76,Mar-76,Apr-76,May-76,Jun-76,Jul-76,Aug-76,Sep-76,Oct-76,Nov-76,Dec-76,Jan-77,Feb-77,Mar-77,Apr-77,May-77,Jun-77,Jul-77,Aug-77,Sep-77,Oct-77,Nov-77,Dec-77,Jan-78,Feb-78,Mar-78,Apr-78,May-78,Jun-78,Jul-78,Aug-78,Sep-78,Oct-78,Nov-78,Dec-78,Jan-79,Feb-79,Mar-79,Apr-79,May-79,Jun-79,Jul-79,Aug-79,Sep-79,Oct-79,Nov-79,Dec-79,Jan-80,Feb-80,Mar-80,Apr-80,May-80,Jun-80,Jul-80,Aug-80,Sep-80,Oct-80,Nov-80,Dec-80,Jan-81,Feb-81,Mar-81,Apr-81,May-81,Jun-81,Jul-81,Aug-81,Sep-81,Oct-81,Nov-81,Dec-81,Jan-82,Feb-82,Mar-82,Apr-82,May-82,Jun-82,Jul-82,Aug-82,Sep-82,Oct-82,Nov-82,Dec-82,Jan-83,Feb-83,Mar-83,Apr-83,May-83,Jun-83,Jul-83,Aug-83,Sep-83,Oct-83,Nov-83,Dec-83,Jan-84,Feb-84,Mar-84,Apr-84,May-84,Jun-84,Jul-84,Aug-84,Sep-84,Oct-84,Nov-84,Dec-84,Jan-85,Feb-85,Mar-85,Apr-85,May-85,Jun-85,Jul-85,Aug-85,Sep-85,Oct-85,Nov-85,Dec-85,Jan-86,Feb-86,Mar-86,Apr-86,May-86,Jun-86,Jul-86,Aug-86,Sep-86,Oct-86,Nov-86,Dec-86,Jan-87,Feb-87,Mar-87,Apr-87,May-87,Jun-87,Jul-87,Aug-87,Sep-87,Oct-87,Nov-87,Dec-87,Jan-88,Feb-88,Mar-88,Apr-88,May-88,Jun-88,Jul-88,Aug-88,Sep-88,Oct-88,Nov-88,Dec-88,Jan-89,Feb-89,Mar-89,Apr-89,May-89,Jun-89,Jul-89,Aug-89,Sep-89,Oct-89,Nov-89,Dec-89,Jan-90,Feb-90,Mar-90,Apr-90,May-90,Jun-90,Jul-90,Aug-90,Sep-90,Oct-90,Nov-90,Dec-90,Jan-91,Feb-91,Mar-91,Apr-91,May-91,Jun-91,Jul-91,Aug-91,Sep-91,Oct-91,Nov-91,Dec-91,Jan-92,Feb-92,Mar-92,Apr-92,May-92,Jun-92,Jul-92,Aug-92,Sep-92,Oct-92,Nov-92,Dec-92,Jan-93,Feb-93,Mar-93,Apr-93,May-93,Jun-93,Jul-93,Aug-93,Sep-93,Oct-93,Nov-93,Dec-93,Jan-94,Feb-94,Mar-94,Apr-94,May-94,Jun-94,Jul-94,Aug-94,Sep-94,Oct-94,Nov-94,Dec-94,Jan-95,Feb-95,Mar-95,Apr-95,May-95,Jun-95,Jul-95,Aug-95,Sep-95,Oct-95,Nov-95,Dec-95,Jan-96,Feb-96,Mar-96,Apr-96,May-96,Jun-96,Jul-96,Aug-96,Sep-96,Oct-96,Nov-96,Dec-96,Jan-97,Feb-97,Mar-97,Apr-97,May-97,Jun-97,Jul-97,Aug-97,Sep-97,Oct-97,Nov-97,Dec-97,Jan-98,Feb-98,Mar-98,Apr-98,May-98,Jun-98,Jul-98,Aug-98,Sep-98,Oct-98,Nov-98,Dec-98,Jan-99,Feb-99,Mar-99,Apr-99,May-99,Jun-99,Jul-99,Aug-99,Sep-99,Oct-99,Nov-99,Dec-99,Jan-00,Feb-00,Mar-00,Apr-00,May-00,Jun-00,Jul-00,Aug-00,Sep-00,Oct-00,Nov-00,Dec-00,Jan-01,Feb-01,Mar-01,Apr-01,May-01,Jun-01,Jul-01,Aug-01,Sep-01,Oct-01,Nov-01,Dec-01,Jan-02,Feb-02,Mar-02,Apr-02,May-02,Jun-02,Jul-02,Aug-02,Sep-02,Oct-02,Nov-02,Dec-02,Jan-03,Feb-03,Mar-03,Apr-03,May-03,Jun-03,Jul-03,Aug-03,Sep-03,Oct-03,Nov-03,Dec-03,Jan-04,Feb-04,Mar-04,Apr-04,May-04,Jun-04,Jul-04,Aug-04,Sep-04,Oct-04,Nov-04,Dec-04,Jan-05,Feb-05,Mar-05,Apr-05,May-05,Jun-05,Jul-05,Aug-05,Sep-05,Oct-05,Nov-05,Dec-05,Jan-06,Feb-06,Mar-06,Apr-06,May-06,Jun-06,Jul-06,Aug-06,Sep-06,Oct-06,Nov-06,Dec-06,Jan-07,Feb-07,Mar-07,Apr-07,May-07,Jun-07,Jul-07,Aug-07,Sep-07,Oct-07,Nov-07,Dec-07,Jan-08,Feb-08,Mar-08,Apr-08,May-08,Jun-08,Jul-08,Aug-08,Sep-08,Oct-08,Nov-08,Dec-08,Jan-09,Feb-09,Mar-09,Apr-09,May-09,Jun-09,Jul-09,Aug-09,Sep-09,Oct-09,Nov-09,Dec-09,Jan-10,Feb-10,Mar-10,Apr-10,May-10,Jun-10,Jul-10,Aug-10,Sep-10,Oct-10,Nov-10,Dec-10,Jan-11,Feb-11,Mar-11,Apr-11,May-11,Jun-11,Jul-11,Aug-11,Sep-11,Oct-11,Nov-11,Dec-11,Jan-12,Feb-12,Mar-12,Apr-12,May-12,Jun-12,Jul-12,Aug-12,Sep-12,Oct-12,Nov-12,Dec-12,Jan-13,Feb-13,Mar-13,Apr-13,May-13,Jun-13,Jul-13,Aug-13,Sep-13,Oct-13,Nov-13,Dec-13,Jan-14,Feb-14,Mar-14,Apr-14,May-14,Jun-14,Jul-14,Aug-14,Sep-14,Oct-14,Nov-14,Dec-14,Jan-15,Feb-15,Mar-15,Apr-15,May-15,Jun-15,Jul-15,Aug-15,Sep-15,Oct-15,Nov-15,Dec-15,Jan-16,Feb-16,Mar-16,Apr-16,May-16,Jun-16,Jul-16,Aug-16,Sep-16,Oct-16,Nov-16,Dec-16,Jan-17,Feb-17,Mar-17,Apr-17,May-17,Jun-17,Jul-17,Aug-17,Sep-17,Oct-17,Nov-17,Dec-17,Jan-18,Feb-18,Mar-18,Apr-18,May-18,Jun-18,Jul-18,Aug-18,Sep-18,Oct-18,Nov-18,Dec-18,Jan-19,Feb-19,Mar-19,Apr-19,May-19,Jun-19,Jul-19,Aug-19,Sep-19,Oct-19,Nov-19,Dec-19,Jan-20,Feb-20,Mar-20,Apr-20,May-20,Jun-20,Jul-20,Aug-20,Sep-20,Oct-20,Nov-20,Dec-20,Jan-21,Feb-21,Mar-21,Apr-21,May-21,Jun-21,Jul-21,Aug-21,Sep-21,Oct-21,Nov-21,Dec-21,Jan-22,Feb-22,Mar-22,Apr-22,May-22,Jun-22,Jul-22,Aug-22,Sep-22
,Percent,,,,,,,,,,,,,,,,,,,,,,,,,,,,,,,,,,,,,,,,,,,,,,,,,,,,,,,,,,,,,,,,,,,,,,,,,,,,,,,,,,,,,,,,,,,,,,,,,,,,,,,,,,,,,,,,,,,,,,,,,,,,,,,,,,,,,,,,,,,,,,,,,,,,,,,,,,,,,,,,,,,,,,,,,,,,,,,,,,,,,,,,,,,,,,,,,,,,,,,,,,,,,,,,,,,,,,,,,,,,,,,,,,,,,,,,,,,,,,,,,,,,,,,,,,,,,,,,,,,,,,,,,,,,,,,,,,,,,,,,,,,,,,,,,,,,,,,,,,,,,,,,,,,,,,,,,,,,,,,,,,,,,,,,,,,,,,,,,,,,,,,,,,,,,,,,,,,,,,,,,,,,,,,,,,,,,,,,,,,,,,,,,,,,,,,,,,,,,,,,,,,,,,,,,,,,,,,,,,,,,,,,,,,,,,,,,,,,,,,,,,,,,,,,,,,,,,,,,,,,,,,,,,,,,,,,,,,,,,,,,,,,,,,,,,,,,,,,,,,,,,,,,,,,,,,,,,,,,,,,,,,,,,,,,,,,,,,,,,,,,,,,,,,,,,,,,,,,,,,,,,,,,,,,,,,,,,,,,,,,,,,,,,,,,,,,,,,,,,,,,,,,,,,
"Measure of core inflation based on a factor model, CPI-common (year-over-year percent change) 2 3 4 5",..,..,..,..,..,..,..,..,..,..,..,..,..,..,..,..,..,..,..,..,..,..,..,..,..,..,..,..,..,..,..,..,..,..,..,..,..,..,..,..,..,..,..,..,..,..,..,..,..,..,..,..,..,..,..,..,..,..,..,..,..,..,..,..,..,..,..,..,..,..,..,..,..,..,..,..,..,..,..,..,..,..,..,..,..,..,..,..,..,..,..,..,..,..,..,..,..,..,..,..,..,..,..,..,..,..,..,..,..,..,..,..,..,..,..,..,..,..,..,..,..,..,..,..,..,..,..,..,..,..,..,..,..,..,..,..,..,..,..,..,..,..,..,..,..,..,..,..,..,..,..,..,..,..,..,..,..,..,..,..,..,..,..,..,..,..,..,..,..,..,..,..,..,..,..,..,..,..,..,..,..,..,..,..,..,..,..,..,..,..,..,..,..,..,..,..,..,..,..,..,..,..,..,..,..,..,..,..,..,..,..,..,..,..,..,4.7,4.5,4.5,4.5,4.6,4.6,4.4,4.3,4.5,4.6,4.7,4.7,4.8,5,4.8,4.5,4.2,4.2,3.8,3.7,3.4,2.7,2.5,2.2,2,1.6,1.4,1.3,1.2,1,1.3,1.4,1.4,1.7,1.7,1.9,1.9,1.9,1.8,1.8,1.7,1.7,1.4,1.3,1.4,1.5,1.3,1.4,1.1,1.2,1.1,1,0.8,0.8,0.8,0.7,0.7,0.5,0.7,0.9,1,1,1.3,1.3,1.7,1.6,1.7,1.8,1.7,1.8,1.5,1.3,1.1,1,1,1.1,1.1,1.1,1,1,1.1,1.3,1.4,1.6,1.6,1.5,1.6,1.5,1.5,1.5,1.5,1.5,1.4,1.3,1.1,1.1,1.3,1.5,1.4,1.4,1.5,1.5,1.6,1.7,1.7,1.8,1.9,1.8,1.9,1.6,1.7,1.9,2,1.9,1.8,1.8,1.9,1.8,1.8,1.9,1.5,1.8,1.8,1.4,1.6,1.7,1.8,1.9,1.8,1.7,1.9,1.9,2.2,2.1,2.1,2.4,2.4,2.4,2.5,2.5,2.5,2.5,2.3,2.4,2.3,2.4,2.4,2.5,2.3,2.3,2.3,2.4,2.3,2.2,2.5,2.3,2.5,2.5,2.4,2,2,2,1.9,1.9,2,2,1.8,2,1.7,1.6,1.7,2,2,2,1.9,1.9,1.8,1.9,2,2,2,2,2,2,1.9,2,2.1,2.2,2.2,2,2,2,2.1,2.1,2,1.9,2,1.8,2,2.1,2.1,2.3,2.4,2.2,2.2,2.5,2.5,2.6,2.6,2.6,2.6,2.4,2.4,2.3,2.2,2.3,2.4,2.3,2.2,2.3,2.4,2.7,2.7,2.8,3.1,3.1,3.3,3.2,3.1,3.1,3.3,3.1,3.2,3.1,2.7,2.4,2.4,2.4,2.1,1.9,1.8,1.7,1.5,1.4,1.1,1,1.2,1.2,0.9,1.1,1,1.2,1.2,1.2,1.8,1.7,1.9,1.9,1.9,2,2.1,2,2.1,2,2,2.2,1.6,1.9,1.7,1.7,1.6,1.6,1.4,1.5,1.5,1.5,1.3,1.4,1.4,1.2,1.2,1.2,1.3,1.1,1.3,1.1,0.9,1.1,1.2,1.1,1.3,1.3,1.3,1.3,1.3,1.3,1.3,1.4,1.6,1.5,1.6,1.5,1.5,1.5,1.7,1.7,1.7,1.8,1.8,1.8,1.9,1.8,1.9,1.8,1.8,1.8,1.7,1.6,1.6,1.5,1.3,1.3,1,1.2,1.1,1.1,1,1,0.8,0.9,1.1,1.2,1.2,1.3,1.3,1.5,1.6,1.8,1.9,1.9,1.9,1.9,2.1,2,1.9,1.9,1.8,1.8,1.7,1.9,1.9,2,2.1,2,2.1,2,2.2,2.2,2.3,2.3,2.1,1.9,1.5,1.3,1.1,1.2,1,1.2,1.2,1.5,1.5,1.3,1.4,1.5,2,2.4,2.8,2.7,2.9,3.2,3.4,3.3,3.5,3.5,4,4.4,4.9,5.3,5.9,6.1,6.3,6,6
"Measure of core inflation based on a weighted median approach, CPI-median (year-over-year percent change) 2 3 6 7",..,..,..,..,..,..,..,..,..,..,..,..,..,..,..,..,..,..,..,..,..,..,..,..,..,..,..,..,..,..,..,..,..,..,..,..,..,..,..,..,..,..,..,..,..,..,..,..,..,..,..,..,..,..,..,..,..,..,..,..,..,..,..,..,..,..,..,..,..,..,..,..,..,..,..,..,..,..,..,..,..,..,..,..,..,..,..,..,..,..,..,..,..,..,..,..,..,..,..,..,..,..,..,..,..,..,..,..,..,..,..,..,..,..,..,..,..,..,..,..,..,..,..,..,..,..,..,..,..,..,..,..,..,..,..,..,..,..,..,..,..,..,..,..,..,..,..,..,..,..,..,..,..,..,..,..,..,..,..,..,..,..,..,..,..,..,..,..,..,..,..,..,..,..,..,..,..,..,..,..,..,..,..,..,..,..,..,..,..,..,..,..,..,..,..,..,..,..,..,..,..,..,..,..,..,..,..,..,..,..,..,..,..,..,..,4.7,4.5,4.3,4.2,4,3.9,3.8,3.8,3.8,3.8,3.9,3.9,4,4,3.9,3.6,3.8,3.6,3.5,3.5,3.3,3.1,2.9,2.5,2.2,2,1.9,1.9,1.8,1.8,1.7,1.7,1.6,1.7,1.6,2,2,2,1.9,1.9,1.9,1.8,1.8,1.7,1.7,1.8,1.7,1.5,1.5,1.6,1.6,1.6,1.4,1.4,1.5,1.4,1.5,1.3,1.5,1.6,1.8,1.8,1.8,2,2.1,2.1,2,2,2,1.9,1.7,1.6,1.5,1.4,1.3,1.2,1.2,1.2,1.2,1.2,1.2,1.3,1.4,1.5,1.4,1.3,1.3,1.3,1.2,1.2,1.1,1.1,1,1,0.9,0.9,1.1,1.2,1.1,1.1,1.2,1.1,1.2,1.2,1.3,1.2,1.4,1.2,1.1,1.1,1.1,1.2,1.2,1.2,1.2,1.2,1.3,1.3,1.3,1.4,1.3,1.4,1.4,1.3,1.4,1.6,1.6,1.7,1.6,1.7,1.8,1.9,2,2.1,2.1,2.2,2.3,2.2,2.3,2.3,2.3,2.2,2,2,2.1,2,2,2,2,2.1,2,2.2,2.2,2.1,2.2,2.2,2.2,2.4,2.4,2.2,2.2,2,2.1,1.9,1.9,1.9,1.9,1.9,1.8,1.6,1.5,1.6,1.7,1.7,1.6,1.6,1.7,1.7,1.8,1.9,1.8,1.8,2,1.9,1.8,1.9,1.8,1.8,1.9,1.9,1.8,1.8,1.8,1.8,1.9,1.8,2,1.8,2,2,2.1,2.1,2.2,2.2,2.3,2.5,2.4,2.5,2.5,2.7,2.6,2.5,2.6,2.5,2.3,2.4,2.5,2.5,2.4,2.5,2.4,2.5,2.6,2.7,2.6,2.6,2.7,2.7,2.5,2.5,2.5,2.2,2.2,2.1,1.9,1.7,1.7,1.7,1.8,1.7,1.7,1.7,1.5,1.7,1.6,1.5,1.6,1.6,1.6,1.7,1.5,1.6,1.6,1.4,1.8,1.8,2,2,1.9,2.1,2,1.9,2.1,1.9,2,2.1,1.9,2,1.7,1.6,1.6,1.7,1.6,1.7,1.6,1.7,1.5,1.6,1.6,1.5,1.5,1.7,1.7,1.6,1.6,1.5,1.5,1.6,1.7,1.5,1.6,1.7,1.8,1.8,1.7,1.7,1.8,1.8,1.8,1.7,1.8,1.7,1.8,1.6,1.7,1.6,1.8,1.8,1.8,1.8,2,2.1,2,2,2,2.1,2.1,2.2,2,2,2.1,2.1,1.9,1.9,1.9,1.8,1.7,1.6,1.6,1.6,1.7,1.7,1.6,1.6,1.7,1.8,1.8,1.9,1.9,1.9,1.9,1.9,1.9,1.9,1.9,2,1.9,1.9,1.9,1.9,2.1,2,2.1,2.1,2,2,2,2,2.1,2,2.1,2,1.9,2,1.8,1.9,1.8,1.8,2,2,2,2,2,2,2.1,2.2,2.4,2.5,2.7,2.9,2.9,2.9,3,3.2,3.4,3.6,4,4.5,4.8,4.9,4.9,4.7,4.7
"Measure of core inflation based on a trimmed mean approach, CPI-trim (year-over-year percent change) 2 3 6 8",..,..,..,..,..,..,..,..,..,..,..,..,..,..,..,..,..,..,..,..,..,..,..,..,..,..,..,..,..,..,..,..,..,..,..,..,..,..,..,..,..,..,..,..,..,..,..,..,..,..,..,..,..,..,..,..,..,..,..,..,..,..,..,..,..,..,..,..,..,..,..,..,..,..,..,..,..,..,..,..,..,..,..,..,..,..,..,..,..,..,..,..,..,..,..,..,..,..,..,..,..,..,..,..,..,..,..,..,..,..,..,..,..,..,..,..,..,..,..,..,..,..,..,..,..,..,..,..,..,..,..,..,..,..,..,..,..,..,..,..,..,..,..,..,..,..,..,..,..,..,..,..,..,..,..,..,..,..,..,..,..,..,..,..,..,..,..,..,..,..,..,..,..,..,..,..,..,..,..,..,..,..,..,..,..,..,..,..,..,..,..,..,..,..,..,..,..,..,..,..,..,..,..,..,..,..,..,..,..,..,..,..,..,..,..,4.9,4.7,4.6,4.5,4.3,4.2,4.1,4,3.9,3.9,4,4,4,4,3.7,3.4,3.4,3.3,3.1,3.1,2.9,2.6,2.5,2.1,1.6,1.5,1.6,1.6,1.5,1.5,1.5,1.4,1.4,1.5,1.6,2,2,2.1,2,1.9,1.9,1.8,1.8,1.8,1.9,1.9,1.8,1.6,1.5,1.5,1.6,1.5,1.3,1.3,1.4,1.4,1.4,1.3,1.4,1.6,1.8,1.9,2,2.1,2.3,2.2,2.2,2.1,2.1,2.1,1.9,1.7,1.5,1.4,1.3,1.2,1.2,1.2,1.2,1.1,1.2,1.2,1.3,1.4,1.4,1.3,1.4,1.3,1.2,1.3,1.1,1.2,1,1,0.9,0.8,1.1,1.1,1,0.9,0.9,0.9,1.1,1.1,1.1,1.1,1.3,1.1,1,1,1.1,1.3,1.3,1.3,1.3,1.3,1.5,1.5,1.5,1.6,1.5,1.6,1.6,1.5,1.6,1.8,1.8,1.9,1.8,1.9,2,2.1,2.2,2.2,2.1,2.4,2.4,2.4,2.4,2.4,2.3,2.2,1.9,1.9,2,2,2,2.1,2,2,1.9,2.1,2.1,2.1,2.3,2.2,2.2,2.3,2.2,2,2,1.9,1.9,1.7,1.8,1.7,1.7,1.7,1.7,1.6,1.5,1.6,1.6,1.7,1.7,1.7,1.7,1.8,1.8,1.8,1.7,1.7,1.9,1.8,1.8,1.8,1.7,1.7,1.7,1.7,1.7,1.7,1.8,1.8,1.8,1.8,1.9,1.8,2,2.1,2.3,2.4,2.5,2.5,2.5,2.8,2.8,2.8,2.8,2.9,2.7,2.5,2.5,2.3,2.2,2.2,2.3,2.2,2,2.3,2.3,2.3,2.4,2.6,2.5,2.5,2.7,2.6,2.4,2.4,2.4,2,2,1.9,1.6,1.5,1.3,1.4,1.4,1.3,1.3,1.3,1.1,1.3,1.2,1.1,1.3,1.2,1.3,1.4,1.2,1.4,1.3,1.1,1.6,1.6,1.8,1.8,1.8,2,2.1,2,2.1,1.9,2.1,2.2,1.9,2,1.6,1.5,1.5,1.5,1.4,1.3,1.2,1.2,1,1.2,1.2,1,1.1,1.3,1.3,1.1,1.2,1.2,1.2,1.4,1.5,1.4,1.5,1.6,1.7,1.8,1.6,1.7,1.7,1.7,1.7,1.7,1.7,1.6,1.6,1.4,1.5,1.5,1.6,1.6,1.6,1.7,1.8,1.8,1.8,1.8,1.8,2,2,2,1.9,1.9,1.9,1.8,1.6,1.6,1.6,1.5,1.4,1.3,1.2,1.2,1.3,1.4,1.4,1.4,1.7,1.7,1.8,2,1.9,1.9,1.8,1.9,2,2.1,2,2,1.9,1.9,1.9,1.9,2.2,2,2.2,2,2,2,2,2,2.2,2,2,2,1.8,1.8,1.6,1.8,1.7,1.7,1.7,1.9,1.9,1.8,1.9,1.9,2.1,2.3,2.6,2.6,3,3.2,3.4,3.4,3.4,3.7,4,4.3,4.7,5.1,5.4,5.5,5.4,5.2,5.2
,2002=100,,,,,,,,,,,,,,,,,,,,,,,,,,,,,,,,,,,,,,,,,,,,,,,,,,,,,,,,,,,,,,,,,,,,,,,,,,,,,,,,,,,,,,,,,,,,,,,,,,,,,,,,,,,,,,,,,,,,,,,,,,,,,,,,,,,,,,,,,,,,,,,,,,,,,,,,,,,,,,,,,,,,,,,,,,,,,,,,,,,,,,,,,,,,,,,,,,,,,,,,,,,,,,,,,,,,,,,,,,,,,,,,,,,,,,,,,,,,,,,,,,,,,,,,,,,,,,,,,,,,,,,,,,,,,,,,,,,,,,,,,,,,,,,,,,,,,,,,,,,,,,,,,,,,,,,,,,,,,,,,,,,,,,,,,,,,,,,,,,,,,,,,,,,,,,,,,,,,,,,,,,,,,,,,,,,,,,,,,,,,,,,,,,,,,,,,,,,,,,,,,,,,,,,,,,,,,,,,,,,,,,,,,,,,,,,,,,,,,,,,,,,,,,,,,,,,,,,,,,,,,,,,,,,,,,,,,,,,,,,,,,,,,,,,,,,,,,,,,,,,,,,,,,,,,,,,,,,,,,,,,,,,,,,,,,,,,,,,,,,,,,,,,,,,,,,,,,,,,,,,,,,,,,,,,,,,,,,,,,,,,,,,,,,,,,,,,,,,,,,,,,,,,,,
"Consumer Price Index (CPI), all-items excluding eight of the most volatile components as defined by the Bank of Canada and excluding the effect of changes in indirect taxes 9",..,..,..,..,..,..,..,..,..,..,..,..,..,..,..,..,..,..,..,..,..,..,..,..,..,..,..,..,..,..,..,..,..,..,..,..,..,..,..,..,..,..,..,..,..,..,..,..,..,..,..,..,..,..,..,..,..,..,..,..,..,..,..,..,..,..,..,..,..,..,..,..,..,..,..,..,..,..,..,..,..,..,..,..,..,..,..,..,..,..,..,..,..,..,..,..,..,..,..,..,..,..,..,..,..,..,..,..,..,..,..,..,..,..,..,..,..,..,..,..,..,..,..,..,..,..,..,..,..,..,..,..,..,..,..,..,..,..,..,..,..,..,..,61.7,62,62.4,62.5,62.7,62.7,63,63.1,63.3,63.4,63.7,63.8,64,64.3,64.4,64.6,64.8,64.9,65.1,65.3,65.5,65.7,66,66.2,66.2,66.6,66.8,67.1,67.6,67.7,68,68.3,68.8,69.1,69.5,69.7,69.8,69.9,70.1,70.4,70.7,70.8,71.2,71.4,71.6,72,72.4,72.2,72.4,72.7,73.1,73.3,73.5,73.7,73.9,74.4,74.6,75.1,75.5,75.5,75.7,76.1,76.4,76.7,76.9,76.9,77.3,77.5,77.7,78,78.4,78.3,78.6,79,79.1,79.3,79.5,79.6,79.9,80.1,80.4,80.8,81,80.8,81.4,81.7,81.7,81.7,81.8,82,82,82.3,82.4,82.5,82.8,82.5,82.7,83,83.2,83.3,83.5,83.4,83.5,83.6,83.7,84,84.4,84.3,84.6,84.9,84.9,84.9,84.9,84.9,85.3,85.4,85.6,85.7,86.2,86.1,86.2,86.6,86.6,86.7,86.5,86.6,86.7,86.8,87.2,87.2,87.5,87.6,87.9,88.3,88.4,88.5,88.6,88.6,88.8,89,89.3,89.3,89.6,89.2,89.4,89.8,89.8,89.9,90.1,90.1,90.3,90.5,90.8,90.8,91.3,91.1,91.3,91.5,91.7,91.9,92,92.1,92.1,92.3,92.4,92.5,92.4,92.3,92.6,92.9,93,93,93.2,93.2,93.3,93.4,93.4,93.7,93.7,93.5,93.5,93.8,94.1,94.2,94.5,94.6,94.7,94.9,95.2,95.1,95,94.8,94.6,95,95.3,95.3,95.5,95.8,95.8,96,96.2,96.3,96.4,96.4,96.3,96.6,97.1,97.4,97.7,97.9,98.2,98.3,98.4,98.4,98.1,98,98.1,98.8,99.2,99.6,99.8,100,100.2,100.7,100.9,100.9,101.2,100.7,101.3,101.8,102,101.7,102.2,102.1,102.1,102.2,102.6,102.7,103,102.8,102.8,103,103.3,103.5,103.7,103.8,104,103.8,104.1,104.1,104.7,104.6,104.5,104.8,105.2,105.2,105.4,105.4,105.4,105.6,105.9,105.9,106.3,106.2,106.2,106.6,107,106.9,107.5,107.2,107.5,107.7,108.3,108.4,108.6,108.4,108.6,109.1,109.5,109.6,109.9,109.9,110,110.1,110.5,110.3,110.3,110,110.1,110.7,110.9,111.2,111.5,111.6,111.7,112,112.4,112.2,113,112.6,112.2,112.8,113.1,113.2,113.7,113.7,113.7,113.8,114.1,114.2,114.7,114.3,114.4,115.2,115,115.3,115.7,115.6,115.5,115.6,115.8,116.3,116.3,116,116,116.2,117,117.2,117.8,117.1,117.3,117.8,118.4,118.7,118.8,118.2,118.4,118.9,119.2,119.7,119.9,119.4,119.3,119.7,119.9,120.2,120.2,119.5,119.6,120.6,120.9,121,121.2,121,121,121.2,121.4,121.6,121.5,121,121.3,122.1,122.5,122.7,123.3,123.2,123.1,123.7,124,124.4,124.1,123.7,124,124.7,125.4,125.5,126,126,126,126.3,126.6,127,126.6,126.1,126.5,127.1,128,128.2,128.6,128.6,128.6,128.6,128.9,129.1,128.5,128.1,128.7,129.2,129.6,129.6,129.7,129.8,129.7,129.7,129.9,130.3,130.2,129.6,130.2,131.1,131.4,131.5,131.4,131.5,131.8,131.9,131.9,132.4,132.1,131.8,132.2,133.1,133.5,133.5,134.1,134.1,134.5,134.4,134.4,134.9,134.6,134,134.6,135.5,135.6,135.1,135,135.6,135.5,135.5,135.7,136.3,136.6,136,136.7,137.1,137.5,138.2,138.8,139.2,140,140.3,140.7,141.5,141.5,141.5,142.6,143.7,145.1,146.1,147.3,147.8,148.5,148.5,149.1
"Consumer Price Index (CPI), all-items excluding eight of the most volatile components as defined by the Bank of Canada 9",22.4,22.5,22.6,22.5,22.5,22.9,23.1,23.3,23.3,23.3,23.4,23.5,23.7,23.7,23.9,24,24.3,24.5,24.9,25,25,25.2,25.4,25.6,25.8,26.1,26.3,26.8,27,27.2,27.6,27.7,28,28.3,28.5,28.6,28.9,29,29.2,29.5,29.8,30.3,30.5,30.6,30.9,31.1,31.2,31.4,31.6,31.6,31.7,32,32.2,32.3,32.4,32.6,32.8,32.9,33,33.3,33.6,34,34.2,34.5,34.7,35,35.1,35.4,35.7,35.9,36.2,36.3,36.6,36.9,37,37.5,37.9,38.4,38.5,38.7,39.1,39.5,39.6,39.9,40.3,40.7,41.1,41.4,41.6,41.8,42.1,42.5,42.8,43.3,43.4,43.7,44.1,44.5,44.7,45.1,45.5,45.8,46.2,46.8,47.1,47.6,47.8,48.3,48.7,49.1,49.4,49.8,50.3,50.7,51.1,51.4,51.9,52.3,52.4,52.6,53.2,53.6,53.9,54.5,55,55.2,55.5,55.8,56.2,56.6,56.6,56.6,57,57.2,57.4,57.6,57.7,57.9,58.2,58.4,58.8,59,59,59,59.4,59.7,59.9,60,60.1,60.3,60.3,60.6,60.9,61.1,61.2,61.4,61.7,61.8,61.9,62.1,62.3,62.5,62.7,62.9,63.1,63.4,63.5,63.7,64,64.4,64.8,65.2,65.4,65.7,66,66.4,66.8,67.1,67.2,67.3,67.5,67.7,67.9,68.3,68.3,68.7,68.9,69.1,69.5,69.8,69.7,70.1,70.5,70.8,71,71.4,71.5,71.8,72.2,72.4,72.9,73.2,73.2,73.4,73.9,74.1,74.4,74.7,74.9,75.3,75.5,75.7,76,76.3,76.2,76.6,76.9,77.1,77.2,77.4,77.6,77.9,78,78.3,78.7,78.9,78.8,81,81.2,81.3,81.3,81.4,81.6,81.7,81.9,82,82.1,82.4,82.1,82.3,82.6,82.8,82.9,83.1,83.1,83.3,83.4,83.5,83.8,84.2,84.1,84.4,84.7,84.7,84.8,84.8,84.9,85.2,85.4,85.6,85.7,86.1,86.1,86.1,86.6,86.6,86.7,86.4,86.5,86.6,86.7,87.1,87.1,87.4,87.5,87.8,88.2,88.4,88.4,88.5,88.5,88.8,88.9,89.2,89.2,89.5,89.1,89.3,89.6,89.7,89.9,90,90,90.2,90.4,90.7,90.8,91.2,91,91.2,91.4,91.6,91.8,91.9,92,92,92.1,92.2,92.4,92.3,92.2,92.6,92.9,93,93,93.1,93.2,93.2,93.4,93.5,93.7,93.6,93.4,93.4,93.7,94,94.2,94.4,94.5,94.7,94.8,95.1,95.1,95,94.7,94.6,95,95.3,95.3,95.5,95.8,95.9,96,96.2,96.3,96.4,96.4,96.3,96.6,97,97.4,97.7,97.9,98.2,98.2,98.4,98.4,98.1,98,98.1,98.8,99.2,99.6,99.8,100,100.3,100.7,100.9,100.9,101.2,100.7,101.3,101.9,102,101.6,102.1,102,102.1,102.2,102.6,102.7,103,102.8,102.8,103,103.3,103.5,103.7,103.8,104,103.8,104.2,104.2,104.6,104.6,104.5,104.8,105.2,105.2,105.4,105.4,105.4,105.6,105.9,105.9,106.4,106.2,106.2,106.6,107,106.9,107.5,107.2,107,107.2,107.7,107.8,108,107.8,108,108.5,108.9,109,109.3,109.3,109.4,109.5,109.9,109.7,109.7,109.4,108.9,109.4,109.6,109.9,110.2,110.3,110.4,110.7,111.1,110.9,111.7,111.3,110.8,111.5,111.8,111.8,112.4,112.4,112.3,112.5,112.7,112.9,113.4,113,113,113.9,113.7,113.9,114.3,114.3,114.8,114.8,115.1,115.5,115.6,115.3,115.3,115.6,116.4,116.5,117.1,116.5,116.7,117.2,117.7,118.1,118.2,117.5,117.9,118.4,118.7,119.2,119.4,118.9,118.8,119.2,119.4,119.7,119.7,119.1,119.1,120.1,120.4,120.3,120.5,120.3,120.3,120.5,120.8,121,120.8,120.4,120.6,121.5,121.9,122.1,122.6,122.5,122.5,123,123.3,123.7,123.5,123,123.3,124,124.8,124.9,125.3,125.3,125.4,125.6,125.9,126.3,126,125.5,125.8,126.5,127.3,127.5,128,128,128,128,128.2,128.4,127.9,127.4,128.1,128.6,129,129,129.1,129.2,129.1,129.2,129.3,129.7,129.7,129,129.6,130.5,130.8,130.9,130.8,130.9,131.2,131.3,131.3,131.8,131.5,131.2,131.6,132.5,132.9,132.9,133.5,133.5,133.8,133.8,133.8,134.2,134,133.3,133.9,134.9,135,134.5,134.4,135,134.9,134.9,135,135.7,135.9,135.3,136,136.5,136.8,137.5,138.2,138.6,139.4,139.6,140.1,140.8,140.9,140.9,142,143,144.5,145.4,146.6,147.1,147.8,147.9,148.4
"Consumer Price Index (CPI), all-items excluding the effect of indirect taxes 10",..,..,..,..,..,..,..,..,..,..,..,..,..,..,..,..,..,..,..,..,..,..,..,..,..,..,..,..,..,..,..,..,..,..,..,..,..,..,..,..,..,..,..,..,..,..,..,..,..,..,..,..,..,..,..,..,..,..,..,..,..,..,..,..,..,..,..,..,..,..,..,..,..,..,..,..,..,..,..,..,..,..,..,..,..,..,..,..,..,..,..,..,..,..,..,..,..,..,..,..,..,..,..,..,..,..,..,..,..,..,..,..,..,..,..,..,..,..,..,..,..,..,..,..,..,..,..,..,..,..,..,..,..,..,..,..,..,..,..,..,..,..,..,..,..,..,..,..,..,..,..,..,..,..,..,..,..,..,..,..,..,..,..,..,..,..,..,..,..,..,..,..,..,..,..,..,..,..,..,..,..,..,..,..,..,..,..,..,..,..,..,..,..,..,..,..,..,..,..,..,..,..,..,75.2,75.7,76.1,76.3,76.8,76.9,77.4,77.5,77.6,77.9,78.1,78.1,78.6,79.1,79.4,79.4,79.7,80,80.3,80.4,80.6,81.3,81.9,81.8,82.8,82.8,82.6,82.6,82.7,83.1,83.2,83.3,83,82.9,83.3,82.9,83.2,83.2,83.5,83.6,83.6,83.8,84,83.9,83.9,84,84.4,84.4,84.7,85,84.9,84.9,85.1,85,85.2,85.3,85.3,85.5,85.8,85.7,85.7,86.1,86.1,86.1,86,86.2,86.5,86.6,86.7,86.5,87,87.1,87.4,87.8,87.9,88.2,88.4,88.4,88.6,88.4,88.5,88.4,88.7,88.5,88.6,88.7,89.2,89.4,89.7,89.7,89.7,89.7,89.8,90,90.4,90.3,90.5,90.7,90.8,90.8,90.9,91.1,91.1,91.2,91.2,91.2,91.1,91,91.4,91.5,91.6,91.5,91.8,91.9,91.9,91.9,91.7,92.1,92.1,91.8,92,92.1,92.5,93,93.2,93.4,93.7,93.9,94.2,94.3,94.1,94.2,94,94.6,95.3,95,95.4,96,96.3,96.2,96.6,96.8,97.1,97.2,96.8,97.3,97.6,98.2,99,99.1,98.8,98.8,99,98.5,97.5,97.7,97.9,98.5,99.1,99.6,99.8,99.9,100.3,100.7,100.7,101,101.3,100.9,101.8,102.6,102.9,102.2,102.3,102.3,102.4,102.7,102.9,102.6,102.9,103,103.1,103.3,103.6,103.8,104.7,104.8,104.7,104.5,104.7,104.9,105.3,105.1,105,105.4,106,106.3,106.4,106.6,106.8,107.2,108.1,107.6,107.4,107.3,107.9,107.7,108.3,108.9,109.4,109.2,109.8,110,109.4,109.2,109.5,109.7,109.7,110.5,111.4,111.9,112.4,112.1,112.3,112,112.2,111.8,112.2,112.3,112.7,113.1,113.5,114.4,115.5,116.3,116.7,116.5,116.6,115.4,115,114.2,113.9,114.7,114.9,114.8,115.6,116,115.6,115.6,115.6,115.5,116.1,115.7,116,116.5,116.5,116.9,117.2,117.1,116.9,116.8,117,117.5,117.6,117.6,117.7,118,119.3,119.7,120.5,119.7,119.9,120.2,120.5,120.7,120.8,120.1,120.4,120.9,121.4,121.9,121.8,121.3,121.2,121.5,121.7,121.9,121.6,120.9,121,122.4,122.6,122.5,122.8,122.8,122.9,122.9,123.1,122.8,122.8,122.5,122.9,123.8,124.5,124.9,125.5,125.5,125.3,125.3,125.4,125.5,125,124.2,123.9,125,125.9,125.8,126.5,126.8,126.9,126.9,126.7,126.9,126.7,126.1,126.4,126.7,127.5,127.9,128.4,128.7,128.4,128.3,128.4,128.6,128.1,127.9,129,129.2,129.4,129.9,129.9,129.9,129.9,129.9,130.2,130.3,130.8,130.2,131.1,131.9,132.2,132.6,132.7,132.9,133.6,133.5,133,133.4,132.8,132.8,133,133.9,134.8,135.1,135.8,135.5,136.3,136,135.4,135.9,135.7,135.7,136,136.7,135.8,134.9,135.2,136.3,136.4,136.1,136,136.6,136.8,136.5,137.4,138.1,138.7,139.2,139.9,140.3,141.1,141.5,141.8,142.8,143,142.9,144.2,145.6,147.7,148.6,150.7,151.6,151.9,151.3,151.4
"Consumer Price Index (CPI), all-items excluding eight of the most volatile components as defined by the Bank of Canada and excluding the effect of changes in indirect taxes, seasonally adjusted 9",..,..,..,..,..,..,..,..,..,..,..,..,..,..,..,..,..,..,..,..,..,..,..,..,..,..,..,..,..,..,..,..,..,..,..,..,..,..,..,..,..,..,..,..,..,..,..,..,..,..,..,..,..,..,..,..,..,..,..,..,..,..,..,..,..,..,..,..,..,..,..,..,..,..,..,..,..,..,..,..,..,..,..,..,..,..,..,..,..,..,..,..,..,..,..,..,..,..,..,..,..,..,..,..,..,..,..,..,..,..,..,..,..,..,..,..,..,..,..,..,..,..,..,..,..,..,..,..,..,..,..,..,..,..,..,..,..,..,..,..,..,..,..,61.7,62,62.4,62.6,62.7,62.8,63,63.1,63.3,63.4,63.6,63.7,64.1,64.3,64.4,64.6,64.7,65,65.2,65.3,65.4,65.7,65.8,66.2,66.3,66.6,66.8,67.1,67.6,67.8,68.1,68.3,68.8,69,69.3,69.7,69.8,69.9,70.1,70.4,70.7,70.9,71.3,71.4,71.6,71.9,72.2,72.3,72.5,72.8,73.1,73.3,73.5,73.8,74,74.4,74.7,75,75.3,75.5,75.8,76,76.4,76.7,76.9,77,77.4,77.6,77.8,77.9,78.2,78.4,78.7,78.9,79.1,79.3,79.4,79.8,79.9,80.1,80.4,80.8,80.8,80.9,81.4,81.5,81.6,81.6,81.9,82.1,82.1,82.4,82.5,82.5,82.6,82.6,82.7,82.8,83,83.3,83.5,83.5,83.5,83.7,83.7,84,84.2,84.4,84.6,84.7,84.8,84.9,84.9,85.1,85.4,85.5,85.6,85.7,86,86.2,86.2,86.4,86.5,86.6,86.5,86.7,86.8,86.9,87.1,87.2,87.3,87.7,88,88.2,88.3,88.5,88.6,88.7,88.9,89,89.3,89.3,89.4,89.3,89.5,89.6,89.8,89.9,90.1,90.1,90.4,90.5,90.6,90.8,91.1,91.3,91.4,91.5,91.6,91.9,92,92.1,92.1,92.2,92.2,92.5,92.2,92.6,92.8,93,93,93.1,93.1,93.1,93.2,93.3,93.2,93.6,93.6,93.7,93.8,93.9,94.1,94.2,94.4,94.5,94.6,94.7,95.1,95,95,95.1,95,95.1,95.3,95.2,95.4,95.6,95.7,95.9,96,96.2,96.4,96.7,96.7,96.7,97.1,97.4,97.6,97.8,98.1,98.2,98.2,98.3,98.1,98.2,98.5,98.9,99.1,99.5,99.7,99.9,100.2,100.7,100.7,100.8,101.2,100.9,101.7,101.9,101.9,101.6,102,102,102.1,102.2,102.4,102.7,102.9,103,103.1,103.1,103.2,103.4,103.6,103.8,104,103.8,104,104.2,104.5,104.7,104.8,104.9,105.1,105.2,105.2,105.4,105.4,105.7,105.8,105.9,106.2,106.4,106.5,106.6,106.8,106.9,107.4,107.3,107.6,107.8,108.1,108.4,108.5,108.6,108.9,109.2,109.4,109.6,109.7,109.9,110.1,110.1,110.3,110.2,110,110.2,110.5,110.8,110.9,111.1,111.3,111.5,111.8,112,112.3,112.1,112.8,112.8,112.6,112.9,113,113.2,113.5,113.7,113.8,113.9,113.9,114.1,114.5,114.6,114.8,115.3,115.1,115.2,115.4,115.7,115.6,115.6,115.7,116,116.1,116.4,116.4,116.3,116.9,117.1,117.4,117.2,117.5,117.8,118.2,118.5,118.6,118.6,119,118.9,119.1,119.5,119.5,119.4,119.5,119.7,119.8,119.9,120,120.1,120.1,120.6,120.8,120.8,120.8,120.9,121.1,121.1,121.3,121.3,121.4,121.7,121.9,122.2,122.3,122.6,122.8,123,123.2,123.6,123.8,124,124.2,124.5,124.6,124.8,125.3,125.3,125.5,125.8,126,126.2,126.4,126.7,126.7,126.9,127.1,127.2,127.7,127.9,128.3,128.4,128.5,128.6,128.8,128.8,128.7,128.9,129.3,129.2,129.2,129.4,129.3,129.6,129.6,129.7,129.9,130,130.4,130.5,130.7,131,131.1,131.2,131.1,131.3,131.7,131.9,131.9,132.2,132.3,132.6,132.7,133,133.2,133.4,133.9,134,134.3,134.4,134.5,134.6,134.7,134.8,134.9,135.4,135.3,135.1,134.8,135.5,135.3,135.5,135.8,136.1,136.6,136.8,137,137,137.3,138.1,138.6,139.1,139.8,140.2,140.8,141.2,141.6,142.3,142.9,143.4,144.8,145.9,146.8,147.5,148.1,148.5,149.1
"Consumer Price Index (CPI), all-items excluding eight of the most volatile components as defined by the Bank of Canada, seasonally adjusted 9",..,..,..,..,..,..,..,..,..,..,..,..,..,..,..,..,..,..,..,..,..,..,..,..,..,..,..,..,..,..,..,..,..,..,..,..,..,..,..,..,..,..,..,..,..,..,..,..,..,..,..,..,..,..,..,..,..,..,..,..,..,..,..,..,..,..,..,..,..,..,..,..,..,..,..,..,..,..,..,38.7,39.1,39.4,39.6,40,40.3,40.7,41.1,41.4,41.5,41.9,42,42.5,42.8,43.1,43.5,43.8,44.1,44.5,44.7,45,45.5,45.8,46.2,46.8,47,47.5,47.9,48.4,48.7,49.1,49.4,49.8,50.3,50.7,51.1,51.5,51.8,52.2,52.4,52.8,53.2,53.6,54,54.5,55,55.2,55.5,55.8,56.1,56.4,56.7,56.8,57,57.1,57.4,57.5,57.7,57.9,58.2,58.4,58.7,58.8,59,59.2,59.4,59.7,59.9,59.9,60.1,60.3,60.4,60.6,60.8,61,61.2,61.5,61.7,61.8,61.9,62,62.4,62.5,62.8,62.9,63,63.3,63.5,63.8,64,64.4,64.8,65.2,65.4,65.7,65.9,66.4,66.7,66.9,67.3,67.4,67.5,67.7,67.9,68.2,68.4,68.7,68.9,69.1,69.4,69.7,69.7,70.2,70.4,70.8,71,71.4,71.6,71.9,72.2,72.4,72.8,73.1,73.4,73.5,73.8,74.1,74.4,74.7,74.9,75.3,75.5,75.8,75.9,76.2,76.3,76.7,76.8,77,77.3,77.4,77.7,77.9,78,78.4,78.7,78.8,78.9,81,81.1,81.2,81.3,81.4,81.7,81.8,82,82.1,82.1,82.3,82.2,82.3,82.4,82.7,82.9,83.1,83.3,83.3,83.4,83.6,83.8,84,84.3,84.4,84.5,84.6,84.8,84.8,85,85.3,85.4,85.6,85.8,86,86.2,86.2,86.4,86.5,86.6,86.4,86.6,86.7,86.8,87,87.1,87.3,87.7,87.8,88.1,88.3,88.3,88.5,88.6,88.8,89,89.2,89.3,89.3,89.3,89.4,89.5,89.7,89.8,90,90.1,90.3,90.4,90.6,90.8,91.1,91.3,91.3,91.3,91.6,91.8,91.8,92.1,92,92.1,92.1,92.3,92.2,92.4,92.8,93,93,93,93.1,93.2,93.2,93.3,93.3,93.6,93.6,93.7,93.7,93.8,94,94.2,94.3,94.4,94.6,94.7,95,95,94.9,95,95,95.1,95.3,95.2,95.4,95.7,95.7,95.9,96,96.2,96.4,96.7,96.7,96.7,97,97.3,97.6,97.8,98.1,98.1,98.2,98.3,98.1,98.3,98.5,98.9,99.2,99.5,99.7,99.9,100.2,100.6,100.7,100.8,101.2,100.9,101.7,102,101.9,101.6,102,102,102.1,102.2,102.5,102.7,102.9,103,103.2,103.1,103.2,103.4,103.6,103.8,104,103.9,104.1,104.2,104.5,104.7,104.8,104.9,105.1,105.2,105.2,105.4,105.4,105.6,105.8,105.9,106.2,106.4,106.5,106.6,106.9,106.9,107.3,107.2,107,107.2,107.5,107.8,107.9,108,108.3,108.6,108.8,109,109.1,109.3,109.5,109.5,109.6,109.6,109.4,109.6,109.3,109.5,109.7,109.9,110.1,110.2,110.4,110.7,110.9,110.8,111.4,111.5,111.2,111.6,111.7,111.8,112.2,112.4,112.4,112.5,112.5,112.7,113.1,113.3,113.5,114,113.7,113.8,114.1,114.4,114.9,114.8,114.9,115.2,115.3,115.6,115.8,115.6,116.2,116.5,116.8,116.6,116.9,117.2,117.6,117.8,118,118,118.5,118.4,118.6,119.1,119,119,119,119.2,119.3,119.4,119.6,119.6,119.6,120.1,120.3,120.1,120.1,120.3,120.5,120.4,120.6,120.6,120.8,121,121.2,121.6,121.6,121.9,122.2,122.4,122.5,122.9,123.1,123.4,123.5,123.8,123.9,124.1,124.6,124.7,124.9,125.1,125.4,125.6,125.8,126,126.1,126.3,126.4,126.5,127,127.2,127.6,127.8,127.9,127.9,128.1,128.1,128.1,128.3,128.7,128.6,128.6,128.8,128.8,129,129,129.1,129.2,129.4,129.8,129.8,130.2,130.5,130.5,130.6,130.5,130.7,131.1,131.3,131.2,131.6,131.7,132,132.1,132.4,132.5,132.8,133.2,133.3,133.6,133.7,133.8,134,134.1,134.1,134.3,134.7,134.7,134.4,134.1,134.8,134.7,134.8,135.1,135.4,136,136.1,136.3,136.3,136.6,137.4,137.9,138.4,139.2,139.6,140.2,140.6,141,141.6,142.3,142.8,144.2,145.3,146.2,146.8,147.4,147.8,148.4
"Consumer Price Index (CPI), all-items excluding the effect of indirect taxes, seasonally adjusted 10",..,..,..,..,..,..,..,..,..,..,..,..,..,..,..,..,..,..,..,..,..,..,..,..,..,..,..,..,..,..,..,..,..,..,..,..,..,..,..,..,..,..,..,..,..,..,..,..,..,..,..,..,..,..,..,..,..,..,..,..,..,..,..,..,..,..,..,..,..,..,..,..,..,..,..,..,..,..,..,..,..,..,..,..,..,..,..,..,..,..,..,..,..,..,..,..,..,..,..,..,..,..,..,..,..,..,..,..,..,..,..,..,..,..,..,..,..,..,..,..,..,..,..,..,..,..,..,..,..,..,..,..,..,..,..,..,..,..,..,..,..,..,..,..,..,..,..,..,..,..,..,..,..,..,..,..,..,..,..,..,..,..,..,..,..,..,..,..,..,..,..,..,..,..,..,..,..,..,..,..,..,..,..,..,..,..,..,..,..,..,..,..,..,..,..,..,..,..,..,..,..,..,..,75.2,75.5,76,76.4,76.8,76.9,77.3,77.6,77.8,78,78,78.3,78.6,78.9,79.3,79.4,79.7,80,80.2,80.5,80.8,81.4,81.8,82,82.8,82.6,82.5,82.6,82.7,83.1,83.1,83.4,83.2,83,83.2,83.1,83.2,83,83.4,83.6,83.6,83.8,83.9,84,84.1,84.2,84.3,84.6,84.8,84.8,84.8,84.9,85.1,85,85.1,85.4,85.4,85.7,85.8,85.9,85.8,86,86.1,86.1,85.9,86.2,86.4,86.6,86.8,86.7,87,87.3,87.5,87.7,87.9,88.2,88.3,88.4,88.5,88.4,88.6,88.5,88.7,88.7,88.7,88.7,89.2,89.4,89.6,89.6,89.6,89.7,89.8,90.1,90.4,90.6,90.7,90.7,90.8,90.8,90.8,91,91,91.2,91.2,91.2,91.1,91.3,91.7,91.6,91.6,91.5,91.7,91.7,91.8,91.9,91.6,92.1,92.1,92.1,92.3,92.3,92.6,93,93.1,93.2,93.5,93.8,94.1,94.3,94.1,94.5,94.4,94.8,95.4,95,95.3,95.8,96.1,96.1,96.5,96.8,97.2,97.4,97.2,97.5,97.7,98.2,98.8,98.9,98.6,98.7,98.9,98.6,97.6,97.9,98.3,98.8,99.2,99.6,99.6,99.7,100.1,100.6,100.6,101.1,101.4,101.2,102.2,102.9,102.9,102.1,102,102.1,102.2,102.6,102.8,102.7,103,103.3,103.5,103.6,103.6,103.7,104.4,104.6,104.5,104.3,104.6,105.1,105.5,105.5,105.4,105.8,106,106.2,106,106.3,106.5,107,108,107.8,107.6,107.8,108.4,108.1,108.3,108.8,108.9,108.8,109.4,109.8,109.3,109.5,109.8,110.3,110.3,110.9,111.4,111.8,111.9,111.7,111.8,111.8,112.1,112.1,112.5,112.9,113.4,113.4,113.5,114.2,114.9,115.8,116.2,116.3,116.5,115.7,115.3,114.9,114.6,115,114.9,114.6,115,115.5,115.2,115.5,115.6,115.7,116.3,116.4,116.7,116.7,116.4,116.7,116.6,116.7,116.6,116.7,117,117.6,117.8,118.4,118.5,118.2,119.2,119.5,119.9,119.3,119.7,120.1,120.4,120.7,121,120.9,121.2,121.1,121.2,121.6,121.2,120.9,121.1,121.4,121.6,121.9,121.8,121.8,121.8,122.7,122.4,122.2,122.2,122.4,122.7,122.8,123,122.7,123.1,123.5,123.7,124.1,124.3,124.7,124.9,125,125,125.2,125.3,125.5,125.3,125.2,124.7,125.2,125.7,125.5,125.9,126.4,126.6,126.8,126.7,126.8,126.9,127.1,127.1,126.9,127.4,127.6,127.8,128.2,128.1,128.1,128.3,128.6,128.5,128.8,129.6,129.4,129.1,129.6,129.4,129.4,129.5,129.8,130.2,130.3,131.1,131.2,131.5,131.9,132.1,132.1,132.3,132.5,133.1,133.2,133.1,133.5,133.3,133.6,133.6,134,134.5,134.8,135.2,135.2,135.7,135.7,135.6,136,136,136.5,136.4,136.7,135.5,134.7,134.9,135.9,135.9,136,136.3,136.7,137.1,137.3,137.8,138,138.3,139,139.6,140,140.6,141.4,142,142.8,143.3,143.7,144.6,145.7,147.1,148.4,150,150.8,151.1,151.2,151.6
,,,,,,,,,,,,,,,,,,,,,,,,,,,,,,,,,,,,,,,,,,,,,,,,,,,,,,,,,,,,,,,,,,,,,,,,,,,,,,,,,,,,,,,,,,,,,,,,,,,,,,,,,,,,,,,,,,,,,,,,,,,,,,,,,,,,,,,,,,,,,,,,,,,,,,,,,,,,,,,,,,,,,,,,,,,,,,,,,,,,,,,,,,,,,,,,,,,,,,,,,,,,,,,,,,,,,,,,,,,,,,,,,,,,,,,,,,,,,,,,,,,,,,,,,,,,,,,,,,,,,,,,,,,,,,,,,,,,,,,,,,,,,,,,,,,,,,,,,,,,,,,,,,,,,,,,,,,,,,,,,,,,,,,,,,,,,,,,,,,,,,,,,,,,,,,,,,,,,,,,,,,,,,,,,,,,,,,,,,,,,,,,,,,,,,,,,,,,,,,,,,,,,,,,,,,,,,,,,,,,,,,,,,,,,,,,,,,,,,,,,,,,,,,,,,,,,,,,,,,,,,,,,,,,,,,,,,,,,,,,,,,,,,,,,,,,,,,,,,,,,,,,,,,,,,,,,,,,,,,,,,,,,,,,,,,,,,,,,,,,,,,,,,,,,,,,,,,,,,,,,,,,,,,,,,,,,,,,,,,,,,,,,,,,,,,,,,,,,,,,,,,,,,,,
Symbol legend:,,,,,,,,,,,,,,,,,,,,,,,,,,,,,,,,,,,,,,,,,,,,,,,,,,,,,,,,,,,,,,,,,,,,,,,,,,,,,,,,,,,,,,,,,,,,,,,,,,,,,,,,,,,,,,,,,,,,,,,,,,,,,,,,,,,,,,,,,,,,,,,,,,,,,,,,,,,,,,,,,,,,,,,,,,,,,,,,,,,,,,,,,,,,,,,,,,,,,,,,,,,,,,,,,,,,,,,,,,,,,,,,,,,,,,,,,,,,,,,,,,,,,,,,,,,,,,,,,,,,,,,,,,,,,,,,,,,,,,,,,,,,,,,,,,,,,,,,,,,,,,,,,,,,,,,,,,,,,,,,,,,,,,,,,,,,,,,,,,,,,,,,,,,,,,,,,,,,,,,,,,,,,,,,,,,,,,,,,,,,,,,,,,,,,,,,,,,,,,,,,,,,,,,,,,,,,,,,,,,,,,,,,,,,,,,,,,,,,,,,,,,,,,,,,,,,,,,,,,,,,,,,,,,,,,,,,,,,,,,,,,,,,,,,,,,,,,,,,,,,,,,,,,,,,,,,,,,,,,,,,,,,,,,,,,,,,,,,,,,,,,,,,,,,,,,,,,,,,,,,,,,,,,,,,,,,,,,,,,,,,,,,,,,,,,,,,,,,,,,,,,,,,,,,
.., not available for a specific reference period,,,,,,,,,,,,,,,,,,,,,,,,,,,,,,,,,,,,,,,,,,,,,,,,,,,,,,,,,,,,,,,,,,,,,,,,,,,,,,,,,,,,,,,,,,,,,,,,,,,,,,,,,,,,,,,,,,,,,,,,,,,,,,,,,,,,,,,,,,,,,,,,,,,,,,,,,,,,,,,,,,,,,,,,,,,,,,,,,,,,,,,,,,,,,,,,,,,,,,,,,,,,,,,,,,,,,,,,,,,,,,,,,,,,,,,,,,,,,,,,,,,,,,,,,,,,,,,,,,,,,,,,,,,,,,,,,,,,,,,,,,,,,,,,,,,,,,,,,,,,,,,,,,,,,,,,,,,,,,,,,,,,,,,,,,,,,,,,,,,,,,,,,,,,,,,,,,,,,,,,,,,,,,,,,,,,,,,,,,,,,,,,,,,,,,,,,,,,,,,,,,,,,,,,,,,,,,,,,,,,,,,,,,,,,,,,,,,,,,,,,,,,,,,,,,,,,,,,,,,,,,,,,,,,,,,,,,,,,,,,,,,,,,,,,,,,,,,,,,,,,,,,,,,,,,,,,,,,,,,,,,,,,,,,,,,,,,,,,,,,,,,,,,,,,,,,,,,,,,,,,,,,,,,,,,,,,,,,,,,,,,,,,,,,,,,,,,,,,,,,,,,,,,,
,,,,,,,,,,,,,,,,,,,,,,,,,,,,,,,,,,,,,,,,,,,,,,,,,,,,,,,,,,,,,,,,,,,,,,,,,,,,,,,,,,,,,,,,,,,,,,,,,,,,,,,,,,,,,,,,,,,,,,,,,,,,,,,,,,,,,,,,,,,,,,,,,,,,,,,,,,,,,,,,,,,,,,,,,,,,,,,,,,,,,,,,,,,,,,,,,,,,,,,,,,,,,,,,,,,,,,,,,,,,,,,,,,,,,,,,,,,,,,,,,,,,,,,,,,,,,,,,,,,,,,,,,,,,,,,,,,,,,,,,,,,,,,,,,,,,,,,,,,,,,,,,,,,,,,,,,,,,,,,,,,,,,,,,,,,,,,,,,,,,,,,,,,,,,,,,,,,,,,,,,,,,,,,,,,,,,,,,,,,,,,,,,,,,,,,,,,,,,,,,,,,,,,,,,,,,,,,,,,,,,,,,,,,,,,,,,,,,,,,,,,,,,,,,,,,,,,,,,,,,,,,,,,,,,,,,,,,,,,,,,,,,,,,,,,,,,,,,,,,,,,,,,,,,,,,,,,,,,,,,,,,,,,,,,,,,,,,,,,,,,,,,,,,,,,,,,,,,,,,,,,,,,,,,,,,,,,,,,,,,,,,,,,,,,,,,,,,,,,,,,,,,,,,,
,,,,,,,,,,,,,,,,,,,,,,,,,,,,,,,,,,,,,,,,,,,,,,,,,,,,,,,,,,,,,,,,,,,,,,,,,,,,,,,,,,,,,,,,,,,,,,,,,,,,,,,,,,,,,,,,,,,,,,,,,,,,,,,,,,,,,,,,,,,,,,,,,,,,,,,,,,,,,,,,,,,,,,,,,,,,,,,,,,,,,,,,,,,,,,,,,,,,,,,,,,,,,,,,,,,,,,,,,,,,,,,,,,,,,,,,,,,,,,,,,,,,,,,,,,,,,,,,,,,,,,,,,,,,,,,,,,,,,,,,,,,,,,,,,,,,,,,,,,,,,,,,,,,,,,,,,,,,,,,,,,,,,,,,,,,,,,,,,,,,,,,,,,,,,,,,,,,,,,,,,,,,,,,,,,,,,,,,,,,,,,,,,,,,,,,,,,,,,,,,,,,,,,,,,,,,,,,,,,,,,,,,,,,,,,,,,,,,,,,,,,,,,,,,,,,,,,,,,,,,,,,,,,,,,,,,,,,,,,,,,,,,,,,,,,,,,,,,,,,,,,,,,,,,,,,,,,,,,,,,,,,,,,,,,,,,,,,,,,,,,,,,,,,,,,,,,,,,,,,,,,,,,,,,,,,,,,,,,,,,,,,,,,,,,,,,,,,,,,,,,,,,,,,,
,,,,,,,,,,,,,,,,,,,,,,,,,,,,,,,,,,,,,,,,,,,,,,,,,,,,,,,,,,,,,,,,,,,,,,,,,,,,,,,,,,,,,,,,,,,,,,,,,,,,,,,,,,,,,,,,,,,,,,,,,,,,,,,,,,,,,,,,,,,,,,,,,,,,,,,,,,,,,,,,,,,,,,,,,,,,,,,,,,,,,,,,,,,,,,,,,,,,,,,,,,,,,,,,,,,,,,,,,,,,,,,,,,,,,,,,,,,,,,,,,,,,,,,,,,,,,,,,,,,,,,,,,,,,,,,,,,,,,,,,,,,,,,,,,,,,,,,,,,,,,,,,,,,,,,,,,,,,,,,,,,,,,,,,,,,,,,,,,,,,,,,,,,,,,,,,,,,,,,,,,,,,,,,,,,,,,,,,,,,,,,,,,,,,,,,,,,,,,,,,,,,,,,,,,,,,,,,,,,,,,,,,,,,,,,,,,,,,,,,,,,,,,,,,,,,,,,,,,,,,,,,,,,,,,,,,,,,,,,,,,,,,,,,,,,,,,,,,,,,,,,,,,,,,,,,,,,,,,,,,,,,,,,,,,,,,,,,,,,,,,,,,,,,,,,,,,,,,,,,,,,,,,,,,,,,,,,,,,,,,,,,,,,,,,,,,,,,,,,,,,,,,,,,,
,,,,,,,,,,,,,,,,,,,,,,,,,,,,,,,,,,,,,,,,,,,,,,,,,,,,,,,,,,,,,,,,,,,,,,,,,,,,,,,,,,,,,,,,,,,,,,,,,,,,,,,,,,,,,,,,,,,,,,,,,,,,,,,,,,,,,,,,,,,,,,,,,,,,,,,,,,,,,,,,,,,,,,,,,,,,,,,,,,,,,,,,,,,,,,,,,,,,,,,,,,,,,,,,,,,,,,,,,,,,,,,,,,,,,,,,,,,,,,,,,,,,,,,,,,,,,,,,,,,,,,,,,,,,,,,,,,,,,,,,,,,,,,,,,,,,,,,,,,,,,,,,,,,,,,,,,,,,,,,,,,,,,,,,,,,,,,,,,,,,,,,,,,,,,,,,,,,,,,,,,,,,,,,,,,,,,,,,,,,,,,,,,,,,,,,,,,,,,,,,,,,,,,,,,,,,,,,,,,,,,,,,,,,,,,,,,,,,,,,,,,,,,,,,,,,,,,,,,,,,,,,,,,,,,,,,,,,,,,,,,,,,,,,,,,,,,,,,,,,,,,,,,,,,,,,,,,,,,,,,,,,,,,,,,,,,,,,,,,,,,,,,,,,,,,,,,,,,,,,,,,,,,,,,,,,,,,,,,,,,,,,,,,,,,,,,,,,,,,,,,,,,,,,,
Footnotes:,,,,,,,,,,,,,,,,,,,,,,,,,,,,,,,,,,,,,,,,,,,,,,,,,,,,,,,,,,,,,,,,,,,,,,,,,,,,,,,,,,,,,,,,,,,,,,,,,,,,,,,,,,,,,,,,,,,,,,,,,,,,,,,,,,,,,,,,,,,,,,,,,,,,,,,,,,,,,,,,,,,,,,,,,,,,,,,,,,,,,,,,,,,,,,,,,,,,,,,,,,,,,,,,,,,,,,,,,,,,,,,,,,,,,,,,,,,,,,,,,,,,,,,,,,,,,,,,,,,,,,,,,,,,,,,,,,,,,,,,,,,,,,,,,,,,,,,,,,,,,,,,,,,,,,,,,,,,,,,,,,,,,,,,,,,,,,,,,,,,,,,,,,,,,,,,,,,,,,,,,,,,,,,,,,,,,,,,,,,,,,,,,,,,,,,,,,,,,,,,,,,,,,,,,,,,,,,,,,,,,,,,,,,,,,,,,,,,,,,,,,,,,,,,,,,,,,,,,,,,,,,,,,,,,,,,,,,,,,,,,,,,,,,,,,,,,,,,,,,,,,,,,,,,,,,,,,,,,,,,,,,,,,,,,,,,,,,,,,,,,,,,,,,,,,,,,,,,,,,,,,,,,,,,,,,,,,,,,,,,,,,,,,,,,,,,,,,,,,,,,,,,,,,,
1,"From April 2020 to November 2021, and from January 2022 to February 2022, certain sub-indexes and components thereof were imputed using special approaches in either one, or more months. The affected indexes include child care services; housekeeping services; air transportation; personal care services; recreational services; travel tours; spectator entertainment; use of recreational facilities and services; beer served in licensed establishments; wine served in licensed establishments, and liquor served in licensed establishments. The details of these treatments from April 2020 to March 2021 are provided in technical supplements available through the <a href=https://www150.statcan.gc.ca/n1/en/catalogue/62F0014M"">Prices Analytical Series</a>. Starting in April 2021"," details and treatments are available upon request by contacting the <a href=""mailto:statcan.cpddisseminationunit-dpcunitedediffusion.statcan@statcan.gc.ca"">Consumer Prices Division</a>.""",,,,,,,,,,,,,,,,,,,,,,,,,,,,,,,,,,,,,,,,,,,,,,,,,,,,,,,,,,,,,,,,,,,,,,,,,,,,,,,,,,,,,,,,,,,,,,,,,,,,,,,,,,,,,,,,,,,,,,,,,,,,,,,,,,,,,,,,,,,,,,,,,,,,,,,,,,,,,,,,,,,,,,,,,,,,,,,,,,,,,,,,,,,,,,,,,,,,,,,,,,,,,,,,,,,,,,,,,,,,,,,,,,,,,,,,,,,,,,,,,,,,,,,,,,,,,,,,,,,,,,,,,,,,,,,,,,,,,,,,,,,,,,,,,,,,,,,,,,,,,,,,,,,,,,,,,,,,,,,,,,,,,,,,,,,,,,,,,,,,,,,,,,,,,,,,,,,,,,,,,,,,,,,,,,,,,,,,,,,,,,,,,,,,,,,,,,,,,,,,,,,,,,,,,,,,,,,,,,,,,,,,,,,,,,,,,,,,,,,,,,,,,,,,,,,,,,,,,,,,,,,,,,,,,,,,,,,,,,,,,,,,,,,,,,,,,,,,,,,,,,,,,,,,,,,,,,,,,,,,,,,,,,,,,,,,,,,,,,,,,,,,,,,,,,,,,,,,,,,,,,,,,,,,,,,,,,,,,,,,,,,,,,,,,,,,,,,,,,,,,,,,,,
2,"For more information on the measures of core inflation, please consult the <a href=https://www.statcan.gc.ca/eng/statistical-programs/document/2301_D64_T9_V2"">methodology</a> and <a href=""https://www.statcan.gc.ca/eng/statistical-programs/document/2301_D63_T9_V2"">general information</a> documents found in our Definitions"," data sources and methods - record number <a href=""http://www.statcan.gc.ca/imdb-bmdi/2301-eng.htm"">2301</a>.""",,,,,,,,,,,,,,,,,,,,,,,,,,,,,,,,,,,,,,,,,,,,,,,,,,,,,,,,,,,,,,,,,,,,,,,,,,,,,,,,,,,,,,,,,,,,,,,,,,,,,,,,,,,,,,,,,,,,,,,,,,,,,,,,,,,,,,,,,,,,,,,,,,,,,,,,,,,,,,,,,,,,,,,,,,,,,,,,,,,,,,,,,,,,,,,,,,,,,,,,,,,,,,,,,,,,,,,,,,,,,,,,,,,,,,,,,,,,,,,,,,,,,,,,,,,,,,,,,,,,,,,,,,,,,,,,,,,,,,,,,,,,,,,,,,,,,,,,,,,,,,,,,,,,,,,,,,,,,,,,,,,,,,,,,,,,,,,,,,,,,,,,,,,,,,,,,,,,,,,,,,,,,,,,,,,,,,,,,,,,,,,,,,,,,,,,,,,,,,,,,,,,,,,,,,,,,,,,,,,,,,,,,,,,,,,,,,,,,,,,,,,,,,,,,,,,,,,,,,,,,,,,,,,,,,,,,,,,,,,,,,,,,,,,,,,,,,,,,,,,,,,,,,,,,,,,,,,,,,,,,,,,,,,,,,,,,,,,,,,,,,,,,,,,,,,,,,,,,,,,,,,,,,,,,,,,,,,,,,,,,,,,,,,,,,,,,,,,,,,,,,,,,,
3,"The Bank of Canada's preferred measures of core inflation, CPI-common, CPI-median and CPI-trim, are subject to revision. In the case of CPI-median and CPI-trim, the revisions result from the fact that these measures are based on seasonally adjusted price index series. In the case of CPI-common, revisions are due to the statistical technique used, as the factor model is estimated over all available historical data. Table 18-10-0259-01 contains historical data for these three measures and is updated on a monthly basis.",,,,,,,,,,,,,,,,,,,,,,,,,,,,,,,,,,,,,,,,,,,,,,,,,,,,,,,,,,,,,,,,,,,,,,,,,,,,,,,,,,,,,,,,,,,,,,,,,,,,,,,,,,,,,,,,,,,,,,,,,,,,,,,,,,,,,,,,,,,,,,,,,,,,,,,,,,,,,,,,,,,,,,,,,,,,,,,,,,,,,,,,,,,,,,,,,,,,,,,,,,,,,,,,,,,,,,,,,,,,,,,,,,,,,,,,,,,,,,,,,,,,,,,,,,,,,,,,,,,,,,,,,,,,,,,,,,,,,,,,,,,,,,,,,,,,,,,,,,,,,,,,,,,,,,,,,,,,,,,,,,,,,,,,,,,,,,,,,,,,,,,,,,,,,,,,,,,,,,,,,,,,,,,,,,,,,,,,,,,,,,,,,,,,,,,,,,,,,,,,,,,,,,,,,,,,,,,,,,,,,,,,,,,,,,,,,,,,,,,,,,,,,,,,,,,,,,,,,,,,,,,,,,,,,,,,,,,,,,,,,,,,,,,,,,,,,,,,,,,,,,,,,,,,,,,,,,,,,,,,,,,,,,,,,,,,,,,,,,,,,,,,,,,,,,,,,,,,,,,,,,,,,,,,,,,,,,,,,,,,,,,,,,,,,,,,,,,,,,,,,,,,,,,
4,This measure is based on Consumer Price Index (CPI) series adjusted to remove the effect of changes in indirect taxes.,,,,,,,,,,,,,,,,,,,,,,,,,,,,,,,,,,,,,,,,,,,,,,,,,,,,,,,,,,,,,,,,,,,,,,,,,,,,,,,,,,,,,,,,,,,,,,,,,,,,,,,,,,,,,,,,,,,,,,,,,,,,,,,,,,,,,,,,,,,,,,,,,,,,,,,,,,,,,,,,,,,,,,,,,,,,,,,,,,,,,,,,,,,,,,,,,,,,,,,,,,,,,,,,,,,,,,,,,,,,,,,,,,,,,,,,,,,,,,,,,,,,,,,,,,,,,,,,,,,,,,,,,,,,,,,,,,,,,,,,,,,,,,,,,,,,,,,,,,,,,,,,,,,,,,,,,,,,,,,,,,,,,,,,,,,,,,,,,,,,,,,,,,,,,,,,,,,,,,,,,,,,,,,,,,,,,,,,,,,,,,,,,,,,,,,,,,,,,,,,,,,,,,,,,,,,,,,,,,,,,,,,,,,,,,,,,,,,,,,,,,,,,,,,,,,,,,,,,,,,,,,,,,,,,,,,,,,,,,,,,,,,,,,,,,,,,,,,,,,,,,,,,,,,,,,,,,,,,,,,,,,,,,,,,,,,,,,,,,,,,,,,,,,,,,,,,,,,,,,,,,,,,,,,,,,,,,,,,,,,,,,,,,,,,,,,,,,,,,,,,,,,,,,
5,CPI-common is a measure of core inflation that tracks common price changes across categories in the Consumer Price Index (CPI) basket.,,,,,,,,,,,,,,,,,,,,,,,,,,,,,,,,,,,,,,,,,,,,,,,,,,,,,,,,,,,,,,,,,,,,,,,,,,,,,,,,,,,,,,,,,,,,,,,,,,,,,,,,,,,,,,,,,,,,,,,,,,,,,,,,,,,,,,,,,,,,,,,,,,,,,,,,,,,,,,,,,,,,,,,,,,,,,,,,,,,,,,,,,,,,,,,,,,,,,,,,,,,,,,,,,,,,,,,,,,,,,,,,,,,,,,,,,,,,,,,,,,,,,,,,,,,,,,,,,,,,,,,,,,,,,,,,,,,,,,,,,,,,,,,,,,,,,,,,,,,,,,,,,,,,,,,,,,,,,,,,,,,,,,,,,,,,,,,,,,,,,,,,,,,,,,,,,,,,,,,,,,,,,,,,,,,,,,,,,,,,,,,,,,,,,,,,,,,,,,,,,,,,,,,,,,,,,,,,,,,,,,,,,,,,,,,,,,,,,,,,,,,,,,,,,,,,,,,,,,,,,,,,,,,,,,,,,,,,,,,,,,,,,,,,,,,,,,,,,,,,,,,,,,,,,,,,,,,,,,,,,,,,,,,,,,,,,,,,,,,,,,,,,,,,,,,,,,,,,,,,,,,,,,,,,,,,,,,,,,,,,,,,,,,,,,,,,,,,,,,,,,,,,,,
6,"This measure is based on Consumer Price Index (CPI) series that have been treated to remove the effect of changes in indirect taxes, and that have been seasonally adjusted.",,,,,,,,,,,,,,,,,,,,,,,,,,,,,,,,,,,,,,,,,,,,,,,,,,,,,,,,,,,,,,,,,,,,,,,,,,,,,,,,,,,,,,,,,,,,,,,,,,,,,,,,,,,,,,,,,,,,,,,,,,,,,,,,,,,,,,,,,,,,,,,,,,,,,,,,,,,,,,,,,,,,,,,,,,,,,,,,,,,,,,,,,,,,,,,,,,,,,,,,,,,,,,,,,,,,,,,,,,,,,,,,,,,,,,,,,,,,,,,,,,,,,,,,,,,,,,,,,,,,,,,,,,,,,,,,,,,,,,,,,,,,,,,,,,,,,,,,,,,,,,,,,,,,,,,,,,,,,,,,,,,,,,,,,,,,,,,,,,,,,,,,,,,,,,,,,,,,,,,,,,,,,,,,,,,,,,,,,,,,,,,,,,,,,,,,,,,,,,,,,,,,,,,,,,,,,,,,,,,,,,,,,,,,,,,,,,,,,,,,,,,,,,,,,,,,,,,,,,,,,,,,,,,,,,,,,,,,,,,,,,,,,,,,,,,,,,,,,,,,,,,,,,,,,,,,,,,,,,,,,,,,,,,,,,,,,,,,,,,,,,,,,,,,,,,,,,,,,,,,,,,,,,,,,,,,,,,,,,,,,,,,,,,,,,,,,,,,,,,,,,,,,,,
7,CPI-median is a measure of core inflation corresponding to the price change located at the 50th percentile (in terms of the Consumer Price Index (CPI) basket weights) of the distribution of price changes in a given month.,,,,,,,,,,,,,,,,,,,,,,,,,,,,,,,,,,,,,,,,,,,,,,,,,,,,,,,,,,,,,,,,,,,,,,,,,,,,,,,,,,,,,,,,,,,,,,,,,,,,,,,,,,,,,,,,,,,,,,,,,,,,,,,,,,,,,,,,,,,,,,,,,,,,,,,,,,,,,,,,,,,,,,,,,,,,,,,,,,,,,,,,,,,,,,,,,,,,,,,,,,,,,,,,,,,,,,,,,,,,,,,,,,,,,,,,,,,,,,,,,,,,,,,,,,,,,,,,,,,,,,,,,,,,,,,,,,,,,,,,,,,,,,,,,,,,,,,,,,,,,,,,,,,,,,,,,,,,,,,,,,,,,,,,,,,,,,,,,,,,,,,,,,,,,,,,,,,,,,,,,,,,,,,,,,,,,,,,,,,,,,,,,,,,,,,,,,,,,,,,,,,,,,,,,,,,,,,,,,,,,,,,,,,,,,,,,,,,,,,,,,,,,,,,,,,,,,,,,,,,,,,,,,,,,,,,,,,,,,,,,,,,,,,,,,,,,,,,,,,,,,,,,,,,,,,,,,,,,,,,,,,,,,,,,,,,,,,,,,,,,,,,,,,,,,,,,,,,,,,,,,,,,,,,,,,,,,,,,,,,,,,,,,,,,,,,,,,,,,,,,,,,,,,
8,CPI-trim is a measure of core inflation that excludes Consumer Price Index (CPI) components whose rates of change in a given month are located in the tails of the distribution of price changes.,,,,,,,,,,,,,,,,,,,,,,,,,,,,,,,,,,,,,,,,,,,,,,,,,,,,,,,,,,,,,,,,,,,,,,,,,,,,,,,,,,,,,,,,,,,,,,,,,,,,,,,,,,,,,,,,,,,,,,,,,,,,,,,,,,,,,,,,,,,,,,,,,,,,,,,,,,,,,,,,,,,,,,,,,,,,,,,,,,,,,,,,,,,,,,,,,,,,,,,,,,,,,,,,,,,,,,,,,,,,,,,,,,,,,,,,,,,,,,,,,,,,,,,,,,,,,,,,,,,,,,,,,,,,,,,,,,,,,,,,,,,,,,,,,,,,,,,,,,,,,,,,,,,,,,,,,,,,,,,,,,,,,,,,,,,,,,,,,,,,,,,,,,,,,,,,,,,,,,,,,,,,,,,,,,,,,,,,,,,,,,,,,,,,,,,,,,,,,,,,,,,,,,,,,,,,,,,,,,,,,,,,,,,,,,,,,,,,,,,,,,,,,,,,,,,,,,,,,,,,,,,,,,,,,,,,,,,,,,,,,,,,,,,,,,,,,,,,,,,,,,,,,,,,,,,,,,,,,,,,,,,,,,,,,,,,,,,,,,,,,,,,,,,,,,,,,,,,,,,,,,,,,,,,,,,,,,,,,,,,,,,,,,,,,,,,,,,,,,,,,,,,,,,
9,"Eight of the most volatile components identified by the Bank of Canada include: fruit, fruit preparations and nuts; vegetables and vegetable preparations; mortgage interest cost; natural gas; fuel oil and other fuels; gasoline; inter-city transportation; and tobacco products and smokers' supplies.",,,,,,,,,,,,,,,,,,,,,,,,,,,,,,,,,,,,,,,,,,,,,,,,,,,,,,,,,,,,,,,,,,,,,,,,,,,,,,,,,,,,,,,,,,,,,,,,,,,,,,,,,,,,,,,,,,,,,,,,,,,,,,,,,,,,,,,,,,,,,,,,,,,,,,,,,,,,,,,,,,,,,,,,,,,,,,,,,,,,,,,,,,,,,,,,,,,,,,,,,,,,,,,,,,,,,,,,,,,,,,,,,,,,,,,,,,,,,,,,,,,,,,,,,,,,,,,,,,,,,,,,,,,,,,,,,,,,,,,,,,,,,,,,,,,,,,,,,,,,,,,,,,,,,,,,,,,,,,,,,,,,,,,,,,,,,,,,,,,,,,,,,,,,,,,,,,,,,,,,,,,,,,,,,,,,,,,,,,,,,,,,,,,,,,,,,,,,,,,,,,,,,,,,,,,,,,,,,,,,,,,,,,,,,,,,,,,,,,,,,,,,,,,,,,,,,,,,,,,,,,,,,,,,,,,,,,,,,,,,,,,,,,,,,,,,,,,,,,,,,,,,,,,,,,,,,,,,,,,,,,,,,,,,,,,,,,,,,,,,,,,,,,,,,,,,,,,,,,,,,,,,,,,,,,,,,,,,,,,,,,,,,,,,,,,,,,,,,,,,,,,,,,,
10,"Differences in historical data exist between this table and table 176-0003. These differences are attributable to the use of Statistics Canada's full-precision input series and unique seasonal adjustment specifications, which were not previously available for the calculations made by the Bank of Canada.",,,,,,,,,,,,,,,,,,,,,,,,,,,,,,,,,,,,,,,,,,,,,,,,,,,,,,,,,,,,,,,,,,,,,,,,,,,,,,,,,,,,,,,,,,,,,,,,,,,,,,,,,,,,,,,,,,,,,,,,,,,,,,,,,,,,,,,,,,,,,,,,,,,,,,,,,,,,,,,,,,,,,,,,,,,,,,,,,,,,,,,,,,,,,,,,,,,,,,,,,,,,,,,,,,,,,,,,,,,,,,,,,,,,,,,,,,,,,,,,,,,,,,,,,,,,,,,,,,,,,,,,,,,,,,,,,,,,,,,,,,,,,,,,,,,,,,,,,,,,,,,,,,,,,,,,,,,,,,,,,,,,,,,,,,,,,,,,,,,,,,,,,,,,,,,,,,,,,,,,,,,,,,,,,,,,,,,,,,,,,,,,,,,,,,,,,,,,,,,,,,,,,,,,,,,,,,,,,,,,,,,,,,,,,,,,,,,,,,,,,,,,,,,,,,,,,,,,,,,,,,,,,,,,,,,,,,,,,,,,,,,,,,,,,,,,,,,,,,,,,,,,,,,,,,,,,,,,,,,,,,,,,,,,,,,,,,,,,,,,,,,,,,,,,,,,,,,,,,,,,,,,,,,,,,,,,,,,,,,,,,,,,,,,,,,,,,,,,,,,,,,,,,,
,,,,,,,,,,,,,,,,,,,,,,,,,,,,,,,,,,,,,,,,,,,,,,,,,,,,,,,,,,,,,,,,,,,,,,,,,,,,,,,,,,,,,,,,,,,,,,,,,,,,,,,,,,,,,,,,,,,,,,,,,,,,,,,,,,,,,,,,,,,,,,,,,,,,,,,,,,,,,,,,,,,,,,,,,,,,,,,,,,,,,,,,,,,,,,,,,,,,,,,,,,,,,,,,,,,,,,,,,,,,,,,,,,,,,,,,,,,,,,,,,,,,,,,,,,,,,,,,,,,,,,,,,,,,,,,,,,,,,,,,,,,,,,,,,,,,,,,,,,,,,,,,,,,,,,,,,,,,,,,,,,,,,,,,,,,,,,,,,,,,,,,,,,,,,,,,,,,,,,,,,,,,,,,,,,,,,,,,,,,,,,,,,,,,,,,,,,,,,,,,,,,,,,,,,,,,,,,,,,,,,,,,,,,,,,,,,,,,,,,,,,,,,,,,,,,,,,,,,,,,,,,,,,,,,,,,,,,,,,,,,,,,,,,,,,,,,,,,,,,,,,,,,,,,,,,,,,,,,,,,,,,,,,,,,,,,,,,,,,,,,,,,,,,,,,,,,,,,,,,,,,,,,,,,,,,,,,,,,,,,,,,,,,,,,,,,,,,,,,,,,,,,,,,,
,,,,,,,,,,,,,,,,,,,,,,,,,,,,,,,,,,,,,,,,,,,,,,,,,,,,,,,,,,,,,,,,,,,,,,,,,,,,,,,,,,,,,,,,,,,,,,,,,,,,,,,,,,,,,,,,,,,,,,,,,,,,,,,,,,,,,,,,,,,,,,,,,,,,,,,,,,,,,,,,,,,,,,,,,,,,,,,,,,,,,,,,,,,,,,,,,,,,,,,,,,,,,,,,,,,,,,,,,,,,,,,,,,,,,,,,,,,,,,,,,,,,,,,,,,,,,,,,,,,,,,,,,,,,,,,,,,,,,,,,,,,,,,,,,,,,,,,,,,,,,,,,,,,,,,,,,,,,,,,,,,,,,,,,,,,,,,,,,,,,,,,,,,,,,,,,,,,,,,,,,,,,,,,,,,,,,,,,,,,,,,,,,,,,,,,,,,,,,,,,,,,,,,,,,,,,,,,,,,,,,,,,,,,,,,,,,,,,,,,,,,,,,,,,,,,,,,,,,,,,,,,,,,,,,,,,,,,,,,,,,,,,,,,,,,,,,,,,,,,,,,,,,,,,,,,,,,,,,,,,,,,,,,,,,,,,,,,,,,,,,,,,,,,,,,,,,,,,,,,,,,,,,,,,,,,,,,,,,,,,,,,,,,,,,,,,,,,,,,,,,,,,,,,,
,,,,,,,,,,,,,,,,,,,,,,,,,,,,,,,,,,,,,,,,,,,,,,,,,,,,,,,,,,,,,,,,,,,,,,,,,,,,,,,,,,,,,,,,,,,,,,,,,,,,,,,,,,,,,,,,,,,,,,,,,,,,,,,,,,,,,,,,,,,,,,,,,,,,,,,,,,,,,,,,,,,,,,,,,,,,,,,,,,,,,,,,,,,,,,,,,,,,,,,,,,,,,,,,,,,,,,,,,,,,,,,,,,,,,,,,,,,,,,,,,,,,,,,,,,,,,,,,,,,,,,,,,,,,,,,,,,,,,,,,,,,,,,,,,,,,,,,,,,,,,,,,,,,,,,,,,,,,,,,,,,,,,,,,,,,,,,,,,,,,,,,,,,,,,,,,,,,,,,,,,,,,,,,,,,,,,,,,,,,,,,,,,,,,,,,,,,,,,,,,,,,,,,,,,,,,,,,,,,,,,,,,,,,,,,,,,,,,,,,,,,,,,,,,,,,,,,,,,,,,,,,,,,,,,,,,,,,,,,,,,,,,,,,,,,,,,,,,,,,,,,,,,,,,,,,,,,,,,,,,,,,,,,,,,,,,,,,,,,,,,,,,,,,,,,,,,,,,,,,,,,,,,,,,,,,,,,,,,,,,,,,,,,,,,,,,,,,,,,,,,,,,,,,,
"How to cite: Statistics Canada. Table 18-10-0256-01  Consumer Price Index (CPI) statistics, measures of core inflation and other related statistics - Bank of Canada definitions",,,,,,,,,,,,,,,,,,,,,,,,,,,,,,,,,,,,,,,,,,,,,,,,,,,,,,,,,,,,,,,,,,,,,,,,,,,,,,,,,,,,,,,,,,,,,,,,,,,,,,,,,,,,,,,,,,,,,,,,,,,,,,,,,,,,,,,,,,,,,,,,,,,,,,,,,,,,,,,,,,,,,,,,,,,,,,,,,,,,,,,,,,,,,,,,,,,,,,,,,,,,,,,,,,,,,,,,,,,,,,,,,,,,,,,,,,,,,,,,,,,,,,,,,,,,,,,,,,,,,,,,,,,,,,,,,,,,,,,,,,,,,,,,,,,,,,,,,,,,,,,,,,,,,,,,,,,,,,,,,,,,,,,,,,,,,,,,,,,,,,,,,,,,,,,,,,,,,,,,,,,,,,,,,,,,,,,,,,,,,,,,,,,,,,,,,,,,,,,,,,,,,,,,,,,,,,,,,,,,,,,,,,,,,,,,,,,,,,,,,,,,,,,,,,,,,,,,,,,,,,,,,,,,,,,,,,,,,,,,,,,,,,,,,,,,,,,,,,,,,,,,,,,,,,,,,,,,,,,,,,,,,,,,,,,,,,,,,,,,,,,,,,,,,,,,,,,,,,,,,,,,,,,,,,,,,,,,,,,,,,,,,,,,,,,,,,,,,,,,,,,,,,,,
https://www150.statcan.gc.ca/t1/tbl1/en/tv.action?pid=1810025601,,,,,,,,,,,,,,,,,,,,,,,,,,,,,,,,,,,,,,,,,,,,,,,,,,,,,,,,,,,,,,,,,,,,,,,,,,,,,,,,,,,,,,,,,,,,,,,,,,,,,,,,,,,,,,,,,,,,,,,,,,,,,,,,,,,,,,,,,,,,,,,,,,,,,,,,,,,,,,,,,,,,,,,,,,,,,,,,,,,,,,,,,,,,,,,,,,,,,,,,,,,,,,,,,,,,,,,,,,,,,,,,,,,,,,,,,,,,,,,,,,,,,,,,,,,,,,,,,,,,,,,,,,,,,,,,,,,,,,,,,,,,,,,,,,,,,,,,,,,,,,,,,,,,,,,,,,,,,,,,,,,,,,,,,,,,,,,,,,,,,,,,,,,,,,,,,,,,,,,,,,,,,,,,,,,,,,,,,,,,,,,,,,,,,,,,,,,,,,,,,,,,,,,,,,,,,,,,,,,,,,,,,,,,,,,,,,,,,,,,,,,,,,,,,,,,,,,,,,,,,,,,,,,,,,,,,,,,,,,,,,,,,,,,,,,,,,,,,,,,,,,,,,,,,,,,,,,,,,,,,,,,,,,,,,,,,,,,,,,,,,,,,,,,,,,,,,,,,,,,,,,,,,,,,,,,,,,,,,,,,,,,,,,,,,,,,,,,,,,,,,,,,,,,
